ID,FORM,LEMMA,UPOS,XPOS,FEATS,HEAD,DEPREL,DEPS,MISC
1,ὁ,ὁ,PRON,p-s---mn-,Case=Nom|Gender=Masc|Number=Sing,10,det,_,_
2,μὲν,μέν,PART,g--------,_,10,advmod,_,_
3,δὴ,δή,PART,g--------,_,10,advmod,_,_
4,Κῦρος,Κῦρος,NOUN,n-s---mn-,Case=Nom|Gender=Masc|Number=Sing,10,nsubj,_,_
5,οὕτως,οὕτως,ADV,d--------,_,6,advmod,_,_
6,ἀπελθὼν,ἀπέρχομαι,VERB,v-sapamn-,Case=Nom|Gender=Masc|Number=Sing|Tense=Past|VerbForm=Part|Voice=Act,10,advcl,_,_
7,ἐν,ἐν,ADP,r--------,_,8,case,_,_
8,Πέρσαις,Πέρσης,NOUN,n-p---md-,Case=Dat|Gender=Masc|Number=Plur,6,obl,_,_
9,ἐνιαυτὸν,ἐνιαυτός,NOUN,n-s---ma-,Case=Acc|Gender=Masc|Number=Sing,10,xcomp,_,_
10,λέγεται,λέγω,VERB,v3spie---,Mood=Ind|Number=Sing|Person=3|Tense=Pres|VerbForm=Fin|Voice=Mid,0,root,_,_
11,ἐν,ἐν,ADP,r--------,_,13,case,_,_
12,τοῖς,ὁ,DET,l-p---md-,Case=Dat|Gender=Masc|Number=Plur,13,det,_,_
13,παισὶν,παῖς,NOUN,n-p---md-,Case=Dat|Gender=Masc|Number=Plur,15,obl,_,_
14,ἔτι,ἔτι,ADV,d--------,_,15,advmod,_,_
15,γενέσθαι,γίγνομαι,VERB,v--anm---,Tense=Past|VerbForm=Inf|Voice=Mid,10,xcomp,_,_
16,.,.,PUNCT,u--------,_,10,punct,_,_
1,καὶ,καί,ADV,d--------,_,7,advmod,_,_
2,τὸ,ὁ,DET,l-s---na-,Case=Acc|Gender=Neut|Number=Sing,4,det,_,_
3,μὲν,μέν,PART,g--------,_,7,advmod,_,_
4,πρῶτον,πρῶτος,ADJ,a-s---na-,Case=Acc|Gender=Neut|Number=Sing,7,advmod,_,_
5,οἱ,ὁ,DET,l-p---mn-,Case=Nom|Gender=Masc|Number=Plur,6,det,_,_
6,παῖδες,παῖς,NOUN,n-p---mn-,Case=Nom|Gender=Masc|Number=Plur,7,nsubj,_,_
7,ἔσκωπτον,ἔσκωπτος,VERB,v3piia---,Aspect=Imp|Mood=Ind|Number=Plur|Person=3|Tense=Past|VerbForm=Fin|Voice=Act,0,root,_,_
8,αὐτὸν,αὐτός,ADJ,a-s---ma-,Case=Acc|Gender=Masc|Number=Sing,7,obj,_,_
9,ὡς,ὡς,SCONJ,c--------,_,10,mark,_,_
10,ἡδυπαθεῖν,ἡδυπανθάνω,VERB,v--ana---,Tense=Past|VerbForm=Inf|Voice=Act,14,xcomp,_,_
11,ἐν,ἐν,ADP,r--------,_,12,case,_,_
12,Μήδοις,Μῆδος,NOUN,n-p---md-,Case=Dat|Gender=Masc|Number=Plur,10,obl,_,_
13,μεμαθηκὼς,μαθηκάομαι,VERB,v-srpamn-,Aspect=Perf|Case=Nom|Gender=Masc|Number=Sing|Tense=Past|VerbForm=Part|Voice=Act,10,advcl,_,_
14,ἥκοι,ἥκω,VERB,v3spoa---,Mood=Opt|Number=Sing|Person=3|Tense=Pres|VerbForm=Fin|Voice=Act,7,advcl,_,_
15,·,·,PUNCT,u--------,_,7,punct,_,_
1,ἐπεὶ,ἐπεί,CCONJ,c--------,_,6,mark,_,_
2,δὲ,δέ,PART,g--------,_,6,advmod,_,_
3,καὶ,καί,ADV,d--------,_,6,advmod,_,_
4,ἐσθίοντα,ἐσθίω,ADJ,a-s---ma-,Case=Acc|Gender=Masc|Number=Sing,5,xcomp,_,_
5,αὐτὸν,αὐτός,ADJ,a-s---ma-,Case=Acc|Gender=Masc|Number=Sing,6,obj,_,_
6,ἑώρων,ὁράω,VERB,v3piia---,Aspect=Imp|Mood=Ind|Number=Plur|Person=3|Tense=Past|VerbForm=Fin|Voice=Act,0,root,_,_
7,ὥσπερ,ὥσπερ,ADV,d--------,_,12,mark,_,_
8,καὶ,καί,ADV,d--------,_,9,advmod,_,_
9,αὐτοὶ,αὐτός,ADJ,a-p---mn-,Case=Nom|Gender=Masc|Number=Plur,12,xcomp,_,_
10,ἡδέως,ἡδύς,ADV,d--------,_,12,advmod,_,_
11,καὶ,καί,CCONJ,c--------,_,12,advmod,_,_
12,πίνοντα,πίνω,VERB,v-sppama-,Case=Acc|Gender=Masc|Number=Sing|Tense=Pres|VerbForm=Part|Voice=Act,6,advcl,_,_
13,",",",",PUNCT,u--------,_,7,punct,_,_
14,καὶ,καί,CCONJ,c--------,_,12,cc,_,_
15,εἴ,εἰ,SCONJ,c--------,_,20,mark,_,_
16,ποτε,ποτέ,PART,g--------,_,20,advmod,_,_
17,ἐν,ἐν,ADP,r--------,_,18,case,_,_
18,ἑορτῇ,ἑορτή,ADJ,a-s---fd-,Case=Dat|Gender=Fem|Number=Sing,20,obl,_,_
19,εὐωχία,εὐωχῖος,ADJ,a-s---fn-,Case=Nom|Gender=Fem|Number=Sing,20,xcomp,_,_
20,γένοιτο,γίγνομαι,VERB,v3saom---,Mood=Opt|Number=Sing|Person=3|Tense=Past|VerbForm=Fin|Voice=Mid,28,advcl,_,_
21,",",",",PUNCT,u--------,_,15,punct,_,_
22,ἐπιδιδόντα,ἔπειμιδιδ,VERB,v-sapama-,Case=Acc|Gender=Masc|Number=Sing|Tense=Past|VerbForm=Part|Voice=Act,20,xcomp,_,_
23,μᾶλλον,μάλα,ADV,d-------c,Degree=Cmp,20,advmod,_,_
24,αὐτὸν,αὐτός,ADJ,a-s---ma-,Case=Acc|Gender=Masc|Number=Sing,28,obj,_,_
25,τοῦ,ὁ,PRON,p-s---mg-,Case=Gen|Gender=Masc|Number=Sing,27,det,_,_
26,ἑαυτοῦ,ἑαυτοῦ,PRON,p-s---mg-,Case=Gen|Gender=Masc|Number=Sing,27,nmod,_,_
27,μέρους,μέρος,NOUN,n-s---ng-,Case=Gen|Gender=Neut|Number=Sing,28,obj,_,_
28,ᾐσθάνοντο,ᾐσθάνω,VERB,v3piie---,Aspect=Imp|Mood=Ind|Number=Plur|Person=3|Tense=Past|VerbForm=Fin|Voice=Mid,12,conj,_,_
29,ἢ,ἤ,CCONJ,c--------,_,30,advmod,_,_
30,προσδεόμενον,προσδέομαι,VERB,v-sppema-,Case=Acc|Gender=Masc|Number=Sing|Tense=Pres|VerbForm=Part|Voice=Mid,28,advcl,_,_
31,",",",",PUNCT,u--------,_,30,punct,_,_
32,καὶ,καί,CCONJ,c--------,_,30,cc,_,_
33,πρὸς,πρός,ADP,r--------,_,34,case,_,_
34,τούτοις,οὗτος,PRON,p-p---nd-,Case=Dat|Gender=Neut|Number=Plur,36,obl,_,_
35,δὲ,δέ,PART,g--------,_,30,cc,_,_
36,τ-,τ-,VERB,v3saia---,Mood=Ind|Number=Sing|Person=3|Tense=Past|VerbForm=Fin|Voice=Act,30,conj,_,_
37,ἆλλα,ἆλλον,NOUN,n-p---nn-,Case=Nom|Gender=Neut|Number=Plur,40,nsubj,_,_
38,κρατιστεύοντα,κρατιστεύω,VERB,v-sppama-,Case=Acc|Gender=Masc|Number=Sing|Tense=Pres|VerbForm=Part|Voice=Act,37,nmod,_,_
39,αὐτὸν,αὐτός,ADJ,a-s---ma-,Case=Acc|Gender=Masc|Number=Sing,40,obj,_,_
40,ἑώρων,ὁράω,VERB,v3piia---,Aspect=Imp|Mood=Ind|Number=Plur|Person=3|Tense=Past|VerbForm=Fin|Voice=Act,36,ccomp,_,_
41,ἑαυτῶν,ἑαυτοῦ,PRON,p-p---mg-,Case=Gen|Gender=Masc|Number=Plur,51,obj,_,_
42,",",",",PUNCT,u--------,_,40,punct,_,_
43,ἐνταῦθα,ἐνταῦθα,ADV,d--------,_,51,advmod,_,_
44,δὴ,δή,PART,g--------,_,46,advmod,_,_
45,πάλιν,πάλιν,ADV,d--------,_,46,advmod,_,_
46,ὑπέπτησσον,ὑπέπτησος,VERB,v3piia---,Aspect=Imp|Mood=Ind|Number=Plur|Person=3|Tense=Past|VerbForm=Fin|Voice=Act,51,advcl,_,_
47,αὐτῷ,αὐτός,ADJ,a-s---md-,Case=Dat|Gender=Masc|Number=Sing,46,obj,_,_
48,οἱ,ὁ,DET,l-p---mn-,Case=Nom|Gender=Masc|Number=Plur,49,det,_,_
49,ἥλικες,ἥλιξ,NOUN,n-p---mn-,Case=Nom|Gender=Masc|Number=Plur,46,nsubj,_,_
50,.,.,PUNCT,u--------,_,46,punct,_,_
51,[0],[0],VERB,v3saia---,Mood=Ind|Number=Sing|Person=3|Tense=Past|VerbForm=Fin|Voice=Act,40,conj,_,_
1,ἐπεὶ,ἐπεί,CCONJ,c--------,_,8,advmod,_,_
2,δὲ,δέ,PART,g--------,_,8,advmod,_,_
3,διελθὼν,διέρχομαι,VERB,v-sapamn-,Case=Nom|Gender=Masc|Number=Sing|Tense=Past|VerbForm=Part|Voice=Act,8,advcl,_,_
4,τὴν,ὁ,DET,l-s---fa-,Case=Acc|Gender=Fem|Number=Sing,5,det,_,_
5,παιδείαν,παιδεία,NOUN,n-s---fa-,Case=Acc|Gender=Fem|Number=Sing,3,obj,_,_
6,ταύτην,οὗτος,ADJ,a-s---fa-,Case=Acc|Gender=Fem|Number=Sing,8,obj,_,_
7,ἤδη,ἤδη,ADV,d--------,_,8,advmod,_,_
8,εἰσῆλθεν,εἰσέρχομαι,VERB,v3saia---,Mood=Ind|Number=Sing|Person=3|Tense=Past|VerbForm=Fin|Voice=Act,0,root,_,_
9,εἰς,εἰς,ADP,r--------,_,11,case,_,_
10,τοὺς,ὁ,DET,l-p---ma-,Case=Acc|Gender=Masc|Number=Plur,11,det,_,_
11,ἐφήβους,ἐφήβους,ADJ,a-p---ma-,Case=Acc|Gender=Masc|Number=Plur,8,obl,_,_
12,",",",",PUNCT,u--------,_,8,punct,_,_
13,ἐν,ἐν,ADP,r--------,_,14,case,_,_
14,τούτοις,οὗτος,PRON,p-p---nd-,Case=Dat|Gender=Neut|Number=Plur,16,obl,_,_
15,αὖ,αὖ,ADV,d--------,_,16,advmod,_,_
16,ἐδόκει,δοκέω,VERB,v3siia---,Aspect=Imp|Mood=Ind|Number=Sing|Person=3|Tense=Past|VerbForm=Fin|Voice=Act,8,ccomp,_,_
17,κρατιστεύειν,κρατιστεύω,VERB,v--pna---,Tense=Pres|VerbForm=Inf|Voice=Act,16,xcomp,_,_
18,καὶ,καί,CCONJ,c--------,_,17,cc,_,_
19,μελετῶν,μελετάω,VERB,v-sppamn-,Case=Nom|Gender=Masc|Number=Sing|Tense=Pres|VerbForm=Part|Voice=Act,17,conj,_,_
20,ἃ,ὅς,PRON,p-p---na-,Case=Acc|Gender=Neut|Number=Plur,21,obj,_,_
21,χρῆν,χρή,VERB,v3siia---,Aspect=Imp|Mood=Ind|Number=Sing|Person=3|Tense=Past|VerbForm=Fin|Voice=Act,17,ccomp,_,_
22,καὶ,καί,CCONJ,c--------,_,21,advmod,_,_
23,καρτερῶν,καρτερός,VERB,v-sppamn-,Case=Nom|Gender=Masc|Number=Sing|Tense=Pres|VerbForm=Part|Voice=Act,21,conj,_,_
24,καὶ,καί,CCONJ,c--------,_,21,cc,_,_
25,αἰδούμενος,αἰδέομαι,VERB,v-sppemn-,Case=Nom|Gender=Masc|Number=Sing|Tense=Pres|VerbForm=Part|Voice=Mid,21,conj,_,_
26,τοὺς,ὁ,DET,l-p---ma-,Case=Acc|Gender=Masc|Number=Plur,27,det,_,_
27,πρεσβυτέρους,πρεσβυτέρος,ADJ,a-p---ma-,Case=Acc|Gender=Masc|Number=Plur,25,obj,_,_
28,καὶ,καί,CCONJ,c--------,_,21,cc,_,_
29,πειθόμενος,πειθόμενος,VERB,v-sppemn-,Case=Nom|Gender=Masc|Number=Sing|Tense=Pres|VerbForm=Part|Voice=Mid,21,conj,_,_
30,τοῖς,ὁ,DET,l-p---md-,Case=Dat|Gender=Masc|Number=Plur,31,det,_,_
31,ἄρχουσι,ἄρχω,VERB,v-pppamd-,Case=Dat|Gender=Masc|Number=Plur|Tense=Pres|VerbForm=Part|Voice=Act,29,xcomp,_,_
32,.,.,PUNCT,u--------,_,8,punct,_,_
1,προϊόντος,προϊόις,VERB,v-sapamg-,Case=Gen|Gender=Masc|Number=Sing|Tense=Past|VerbForm=Part|Voice=Act,11,advcl,_,_
2,δὲ,δέ,PART,g--------,_,11,advmod,_,_
3,τοῦ,ὁ,DET,l-s---mg-,Case=Gen|Gender=Masc|Number=Sing,4,det,_,_
4,χρόνου,χρόνος,NOUN,n-s---mg-,Case=Gen|Gender=Masc|Number=Sing,1,nsubj,_,_
5,ὁ,ὁ,DET,l-s---mn-,Case=Nom|Gender=Masc|Number=Sing,7,det,_,_
6,μὲν,μέν,PART,g--------,_,11,advmod,_,_
7,Ἀστυάγης,Ἀστυάγης,NOUN,n-s---mn-,Case=Nom|Gender=Masc|Number=Sing,11,nsubj,_,_
8,ἐν,ἐν,ADP,r--------,_,10,case,_,_
9,τοῖς,ὁ,DET,l-p---md-,Case=Dat|Gender=Masc|Number=Plur,10,det,_,_
10,Μήδοις,Μῆδος,NOUN,n-p---md-,Case=Dat|Gender=Masc|Number=Plur,11,obl,_,_
11,ἀποθνῄσκει,ἀποθνήσκω,VERB,v3spia---,Mood=Ind|Number=Sing|Person=3|Tense=Pres|VerbForm=Fin|Voice=Act,0,root,_,_
12,",",",",PUNCT,u--------,_,11,punct,_,_
13,ὁ,ὁ,PRON,p-s---mn-,Case=Nom|Gender=Masc|Number=Sing,15,nmod,_,_
14,δὲ,δέ,PART,g--------,_,11,cc,_,_
15,Κυαξάρης,Κυαξάρας,NOUN,n-s---mn-,Case=Nom|Gender=Masc|Number=Sing,19,nsubj,_,_
16,ὁ,ὁ,DET,l-s---mn-,Case=Nom|Gender=Masc|Number=Sing,15,det,_,_
17,τοῦ,ὁ,DET,l-s---mg-,Case=Gen|Gender=Masc|Number=Sing,18,det,_,_
18,Ἀστυάγους,Ἀστυάγης,NOUN,n-s---mg-,Case=Gen|Gender=Masc|Number=Sing,15,nmod,_,_
19,παῖς,παῖς,NOUN,n-s---mn-,Case=Nom|Gender=Masc|Number=Sing,11,conj,_,_
20,",",",",PUNCT,u--------,_,11,punct,_,_
21,τῆς,ὁ,DET,l-s---fg-,Case=Gen|Gender=Fem|Number=Sing,24,det,_,_
22,δὲ,δέ,PART,g--------,_,11,cc,_,_
23,Κύρου,Κῦρος,NOUN,n-s---mg-,Case=Gen|Gender=Masc|Number=Sing,24,nmod,_,_
24,μητρὸς,μήτηρ,NOUN,n-s---fg-,Case=Gen|Gender=Fem|Number=Sing,25,nmod,_,_
25,ἀδελφός,ἀδελφός,NOUN,n-s---mn-,Case=Nom|Gender=Masc|Number=Sing,31,nmod,_,_
26,",",",",PUNCT,u--------,_,25,punct,_,_
27,τὴν,ὁ,DET,l-s---fa-,Case=Acc|Gender=Fem|Number=Sing,28,det,_,_
28,βασιλείαν,βασιλεία,NOUN,n-s---fa-,Case=Acc|Gender=Fem|Number=Sing,29,obj,_,_
29,ἔσχε,ἔχω,VERB,v3saia---,Mood=Ind|Number=Sing|Person=3|Tense=Past|VerbForm=Fin|Voice=Act,11,conj,_,_
30,τὴν,ὁ,DET,l-s---fa-,Case=Acc|Gender=Fem|Number=Sing,31,det,_,_
31,Μήδων,Μῆδος,NOUN,n-s---mn-,Case=Nom|Gender=Masc|Number=Sing,29,nsubj,_,_
32,.,.,PUNCT,u--------,_,11,punct,_,_
1,ὁ,ὁ,PRON,p-s---mn-,Case=Nom|Gender=Masc|Number=Sing,5,det,_,_
2,δὲ,δέ,PART,g--------,_,12,advmod,_,_
3,τῶν,ὁ,DET,l-p---mg-,Case=Gen|Gender=Masc|Number=Plur,4,det,_,_
4,Ἀσσυρίων,Ἀσσύριοι,NOUN,n-p---mg-,Case=Gen|Gender=Masc|Number=Plur,5,nmod,_,_
5,βασιλεὺς,βασιλεύς,NOUN,n-s---mn-,Case=Nom|Gender=Masc|Number=Sing,12,nsubj,_,_
6,κατεστραμμένος,κατεστραμμένος,VERB,v-srpemn-,Aspect=Perf|Case=Nom|Gender=Masc|Number=Sing|Tense=Past|VerbForm=Part|Voice=Mid,12,advcl,_,_
7,μὲν,μέν,PART,g--------,_,6,advmod,_,_
8,πάντας,πᾶς,ADJ,a-p---ma-,Case=Acc|Gender=Masc|Number=Plur,9,nmod,_,_
9,Σύρους,Σύρος,NOUN,n-p---ma-,Case=Acc|Gender=Masc|Number=Plur,6,obj,_,_
10,",",",",PUNCT,u--------,_,6,punct,_,_
11,φῦλον,φῦλον,NOUN,n-s---na-,Case=Acc|Gender=Neut|Number=Sing,12,obj,_,_
12,πάμπολυ,πάμπολμαι,VERB,v2spme---,Mood=Imp|Number=Sing|Person=2|Tense=Pres|VerbForm=Fin|Voice=Mid,0,root,_,_
13,",",",",PUNCT,u--------,_,12,punct,_,_
14,ὑπήκοον,ὑπήκοω,ADJ,a-s---fa-,Case=Acc|Gender=Fem|Number=Sing,19,nmod,_,_
15,δὲ,δέ,PART,g--------,_,12,cc,_,_
16,πεποιημένος,ποιέω,VERB,v-srpemn-,Aspect=Perf|Case=Nom|Gender=Masc|Number=Sing|Tense=Past|VerbForm=Part|Voice=Mid,12,conj,_,_
17,τὸν,ὁ,DET,l-s---ma-,Case=Acc|Gender=Masc|Number=Sing,19,det,_,_
18,Ἀραβίων,Ἀραβίων,NOUN,n-s---mn-,Case=Nom|Gender=Masc|Number=Sing,19,nmod,_,_
19,βασιλέα,βασιλεύς,NOUN,n-s---ma-,Case=Acc|Gender=Masc|Number=Sing,16,obj,_,_
20,",",",",PUNCT,u--------,_,12,punct,_,_
21,ὑπηκόους,ὑπήκοος,ADJ,a-p---ma-,Case=Acc|Gender=Masc|Number=Plur,23,xcomp,_,_
22,δὲ,δέ,PART,g--------,_,12,cc,_,_
23,ἔχων,ἔχω,VERB,v-sppamn-,Case=Nom|Gender=Masc|Number=Sing|Tense=Pres|VerbForm=Part|Voice=Act,33,advcl,_,_
24,ἤδη,ἤδη,ADV,d--------,_,26,advmod,_,_
25,καὶ,καί,CCONJ,c--------,_,26,advmod,_,_
26,Ὑρκανίους,Ὑρκανῖος,NOUN,n-p---ma-,Case=Acc|Gender=Masc|Number=Plur,23,obj,_,_
27,",",",",PUNCT,u--------,_,23,punct,_,_
28,πολιορκῶν,πολιορκός,ADJ,a-p---mg-,Case=Gen|Gender=Masc|Number=Plur,33,obj,_,_
29,δὲ,δέ,PART,g--------,_,28,advmod,_,_
30,καὶ,καί,CCONJ,c--------,_,28,cc,_,_
31,Βακτρίους,Βακτρῖος,NOUN,n-p---ma-,Case=Acc|Gender=Masc|Number=Plur,28,conj,_,_
32,",",",",PUNCT,u--------,_,33,punct,_,_
33,ἐνόμιζεν,ἐνόμιζεν,VERB,v3siia---,Aspect=Imp|Mood=Ind|Number=Sing|Person=3|Tense=Past|VerbForm=Fin|Voice=Act,12,conj,_,_
34,",",",",PUNCT,u--------,_,35,punct,_,_
35,εἰ,εἰ,SCONJ,c--------,_,39,mark,_,_
36,τοὺς,ὁ,DET,l-p---ma-,Case=Acc|Gender=Masc|Number=Plur,37,det,_,_
37,Μήδους,Μῆδος,NOUN,n-p---ma-,Case=Acc|Gender=Masc|Number=Plur,39,obj,_,_
38,ἀσθενεῖς,ἀσθενής,ADJ,a-p---ma-,Case=Acc|Gender=Masc|Number=Plur,37,nmod,_,_
39,ποιήσειε,ποιέω,VERB,v3saoa---,Mood=Opt|Number=Sing|Person=3|Tense=Past|VerbForm=Fin|Voice=Act,33,advcl,_,_
40,",",",",PUNCT,u--------,_,35,punct,_,_
41,πάντων,πᾶς,ADJ,a-p---mg-,Case=Gen|Gender=Masc|Number=Plur,39,advmod,_,_
42,γε,γε,PART,g--------,_,41,advmod,_,_
43,τῶν,ὁ,PRON,p-p---mg-,Case=Gen|Gender=Masc|Number=Plur,41,det,_,_
44,πέριξ,πέριξ,ADV,d--------,_,46,obj,_,_
45,ῥᾳδίως,ῥᾴδιος,ADV,d--------,_,46,advmod,_,_
46,ἄρξειν,ἄργω,VERB,v--fna---,Tense=Fut|VerbForm=Inf|Voice=Act,41,xcomp,_,_
47,·,·,PUNCT,u--------,_,33,punct,_,_
1,ἰσχυρότατον,ἰσχυρός,ADJ,a-s---mas,Case=Acc|Degree=Sup|Gender=Masc|Number=Sing,7,obj,_,_
2,γὰρ,γάρ,PART,g--------,_,7,advmod,_,_
3,τῶν,ὁ,DET,l-p---mg-,Case=Gen|Gender=Masc|Number=Plur,5,det,_,_
4,ἐγγὺς,ἐγγύς,ADV,d--------,_,7,advmod,_,_
5,φύλων,φύλον,NOUN,n-p---mg-,Case=Gen|Gender=Masc|Number=Plur,6,nmod,_,_
6,τοῦτο,οὗτος,ADJ,a-s---na-,Case=Acc|Gender=Neut|Number=Sing,7,nsubj,_,_
7,ἐδόκει,δοκέω,VERB,v3siia---,Aspect=Imp|Mood=Ind|Number=Sing|Person=3|Tense=Past|VerbForm=Fin|Voice=Act,0,root,_,_
8,εἶναι,εἰμί,VERB,v--pna---,Tense=Pres|VerbForm=Inf|Voice=Act,1,cop,_,_
9,.,.,PUNCT,u--------,_,7,punct,_,_
1,οὕτω,οὕτως,ADV,d--------,_,3,advmod,_,_
2,δὴ,δή,PART,g--------,_,3,advmod,_,_
3,διαπέμπει,διαπέμπω,VERB,v3spia---,Mood=Ind|Number=Sing|Person=3|Tense=Pres|VerbForm=Fin|Voice=Act,0,root,_,_
4,πρός,πρός,ADP,r--------,_,7,advmod,_,_
5,τε,τε,PART,g--------,_,3,cc,_,_
6,τοὺς,ὁ,PRON,p-p---ma-,Case=Acc|Gender=Masc|Number=Plur,7,obj,_,_
7,ὑπʼ,ὑπʼ,VERB,v3saia---,Mood=Ind|Number=Sing|Person=3|Tense=Past|VerbForm=Fin|Voice=Act,3,conj,_,_
8,αὐτὸν,αὐτός,ADJ,a-s---ma-,Case=Acc|Gender=Masc|Number=Sing,7,obj,_,_
9,πάντας,πᾶς,ADJ,a-p---ma-,Case=Acc|Gender=Masc|Number=Plur,7,amod,_,_
10,καὶ,καί,CCONJ,c--------,_,9,cc,_,_
11,πρὸς,πρός,ADP,r--------,_,12,case,_,_
12,Κροῖσον,Κροῖσος,NOUN,n-s---ma-,Case=Acc|Gender=Masc|Number=Sing,9,conj,_,_
13,τὸν,ὁ,DET,l-s---ma-,Case=Acc|Gender=Masc|Number=Sing,15,det,_,_
14,Λυδῶν,Λυδός,NOUN,n-p---mg-,Case=Gen|Gender=Masc|Number=Plur,15,nmod,_,_
15,βασιλέα,βασιλεύς,NOUN,n-s---ma-,Case=Acc|Gender=Masc|Number=Sing,7,obj,_,_
16,καὶ,καί,CCONJ,c--------,_,15,cc,_,_
17,πρὸς,πρός,ADP,r--------,_,19,case,_,_
18,τὸν,ὁ,DET,l-s---ma-,Case=Acc|Gender=Masc|Number=Sing,19,det,_,_
19,Καππαδοκῶν,Καππαδοκός,NOUN,n-p---mg-,Case=Gen|Gender=Masc|Number=Plur,23,obl,_,_
20,καὶ,καί,CCONJ,c--------,_,19,cc,_,_
21,πρὸς,πρός,ADP,r--------,_,22,case,_,_
22,Φρύγας,Φρύξ,NOUN,n-p---ma-,Case=Acc|Gender=Masc|Number=Plur,19,conj,_,_
23,ἀμφοτέρους,ἀμφότερος,ADJ,a-p---ma-,Case=Acc|Gender=Masc|Number=Plur,15,conj,_,_
24,καὶ,καί,CCONJ,c--------,_,3,advmod,_,_
25,πρὸς,πρός,ADP,r--------,_,26,case,_,_
26,Παφλαγόνας,Παφλαγών,NOUN,n-p---ma-,Case=Acc|Gender=Masc|Number=Plur,3,obl,_,_
27,καὶ,καί,CCONJ,c--------,_,26,advmod,_,_
28,Ἰνδοὺς,Ἰνδός,VERB,v3saia---,Mood=Ind|Number=Sing|Person=3|Tense=Past|VerbForm=Fin|Voice=Act,26,conj,_,_
29,καὶ,καί,CCONJ,c--------,_,26,advmod,_,_
30,πρὸς,πρός,ADP,r--------,_,31,case,_,_
31,Κᾶρας,Κάρ,NOUN,n-p---ma-,Case=Acc|Gender=Masc|Number=Plur,26,conj,_,_
32,καὶ,καί,CCONJ,c--------,_,26,cc,_,_
33,Κίλικας,Κίλιξ,NOUN,n-p---ma-,Case=Acc|Gender=Masc|Number=Plur,26,conj,_,_
34,",",",",PUNCT,u--------,_,3,punct,_,_
35,τὰ,ὁ,PRON,p-p---na-,Case=Acc|Gender=Neut|Number=Plur,38,obj,_,_
36,μὲν,μέν,PART,g--------,_,38,advmod,_,_
37,καὶ,καί,ADV,d--------,_,38,advmod,_,_
38,διαβάλλων,διαβάλλω,VERB,v-sppamn-,Case=Nom|Gender=Masc|Number=Sing|Tense=Pres|VerbForm=Part|Voice=Act,61,advcl,_,_
39,τοὺς,ὁ,DET,l-p---ma-,Case=Acc|Gender=Masc|Number=Plur,40,det,_,_
40,Μήδους,Μῆδος,NOUN,n-p---ma-,Case=Acc|Gender=Masc|Number=Plur,38,obj,_,_
41,καὶ,καί,CCONJ,c--------,_,40,cc,_,_
42,Πέρσας,Πέρσης,NOUN,n-p---ma-,Case=Acc|Gender=Masc|Number=Plur,40,nmod,_,_
43,",",",",PUNCT,u--------,_,44,punct,_,_
44,λέγων,λέγω,VERB,v-sppamn-,Case=Nom|Gender=Masc|Number=Sing|Tense=Pres|VerbForm=Part|Voice=Act,38,advcl,_,_
45,ὡς,ὡς,SCONJ,c--------,_,47,mark,_,_
46,μεγάλα,μέγας,ADJ,a-p---na-,Case=Acc|Gender=Neut|Number=Plur,47,advmod,_,_
47,τʼ,τʼ,VERB,v3saia---,Mood=Ind|Number=Sing|Person=3|Tense=Past|VerbForm=Fin|Voice=Act,44,ccomp,_,_
48,εἴη,εἰμί,VERB,v3spoa---,Mood=Opt|Number=Sing|Person=3|Tense=Pres|VerbForm=Fin|Voice=Act,47,cop,_,_
49,ταῦτα,οὗτος,ADJ,a-p---na-,Case=Acc|Gender=Neut|Number=Plur,50,nmod,_,_
50,ἔθνη,ἔθνος,NOUN,n-p---na-,Case=Acc|Gender=Neut|Number=Plur,47,obj,_,_
51,καὶ,καί,CCONJ,c--------,_,50,advmod,_,_
52,ἰσχυρὰ,ἰσχυρός,ADJ,a-p---na-,Case=Acc|Gender=Neut|Number=Plur,50,conj,_,_
53,καὶ,καί,CCONJ,c--------,_,50,cc,_,_
54,συνεστηκότα,συνεστηκότα,VERB,v-prpana-,Aspect=Perf|Case=Acc|Gender=Neut|Number=Plur|Tense=Past|VerbForm=Part|Voice=Act,50,conj,_,_
55,εἰς,εἰς,ADP,r--------,_,56,case,_,_
56,ταὐτό,ταὐτός,ADJ,a-s---na-,Case=Acc|Gender=Neut|Number=Sing,54,obl,_,_
57,",",",",PUNCT,u--------,_,38,punct,_,_
58,καὶ,καί,CCONJ,c--------,_,38,cc,_,_
59,ἐπιγαμίας,ἐπιγαμία,VERB,v-sapamn-,Case=Nom|Gender=Masc|Number=Sing|Tense=Past|VerbForm=Part|Voice=Act,38,conj,_,_
60,ἀλλήλοις,ἀλλήλων,ADJ,a-p---md-,Case=Dat|Gender=Masc|Number=Plur,59,obj,_,_
61,πεποιημένοι,ποιέω,VERB,v-prpemn-,Aspect=Perf|Case=Nom|Gender=Masc|Number=Plur|Tense=Past|VerbForm=Part|Voice=Mid,3,advcl,_,_
62,εἶεν,εἰμί,PART,g--------,_,3,advmod,_,_
63,",",",",PUNCT,u--------,_,3,punct,_,_
64,καὶ,καί,CCONJ,c--------,_,3,cc,_,_
65,κινδυνεύσοιεν,κινδυνεύσω,VERB,v3paoa---,Mood=Opt|Number=Plur|Person=3|Tense=Past|VerbForm=Fin|Voice=Act,3,conj,_,_
66,",",",",PUNCT,u--------,_,67,punct,_,_
67,εἰ,εἰ,SCONJ,c--------,_,71,mark,_,_
68,μή,μή,ADV,d--------,_,71,advmod,_,_
69,τις,τις,PRON,p-s---mn-,Case=Nom|Gender=Masc|Number=Sing,80,nsubj,_,_
70,αὐτοὺς,αὐτός,ADJ,a-p---ma-,Case=Acc|Gender=Masc|Number=Plur,71,obj,_,_
71,φθάσας,φθάνω,VERB,v2saia---,Mood=Ind|Number=Sing|Person=2|Tense=Past|VerbForm=Fin|Voice=Act,80,advcl,_,_
72,ἀσθενώσοι,ἀσθενώος,ADJ,a-p---mn-,Case=Nom|Gender=Masc|Number=Plur,69,nmod,_,_
73,",",",",PUNCT,u--------,_,79,punct,_,_
74,ἐπὶ,ἐπί,ADP,r--------,_,76,case,_,_
75,ἓν,εἷς,ADJ,a-s---na-,Case=Acc|Gender=Neut|Number=Sing,76,nmod,_,_
76,ἕκαστον,ἕκαστος,ADJ,a-s---ma-,Case=Acc|Gender=Masc|Number=Sing,79,obl,_,_
77,τῶν,ὁ,DET,l-p---ng-,Case=Gen|Gender=Neut|Number=Plur,78,det,_,_
78,ἐθνῶν,ἔθνος,NOUN,n-p---ng-,Case=Gen|Gender=Neut|Number=Plur,76,nmod,_,_
79,ἰόντες,εἶμι,VERB,v-pppamn-,Case=Nom|Gender=Masc|Number=Plur|Tense=Pres|VerbForm=Part|Voice=Act,71,advcl,_,_
80,καταστρέψασθαι,καταστρέφω,VERB,v--anm---,Tense=Past|VerbForm=Inf|Voice=Mid,65,ccomp,_,_
81,.,.,PUNCT,u--------,_,3,punct,_,_
1,οἱ,ὁ,DET,l-p---mn-,Case=Nom|Gender=Masc|Number=Plur,11,det,_,_
2,μὲν,μέν,PART,g--------,_,11,advmod,_,_
3,δὴ,δή,PART,g--------,_,4,advmod,_,_
4,καὶ,καί,ADV,d--------,_,11,advmod,_,_
5,τοῖς,ὁ,DET,l-p---md-,Case=Dat|Gender=Masc|Number=Plur,6,det,_,_
6,λόγοις,λόγος,NOUN,n-p---md-,Case=Dat|Gender=Masc|Number=Plur,8,obj,_,_
7,τούτοις,οὗτος,ADJ,a-p---md-,Case=Dat|Gender=Masc|Number=Plur,6,nmod,_,_
8,πειθόμενοι,πείθω,VERB,v-pppemn-,Case=Nom|Gender=Masc|Number=Plur|Tense=Pres|VerbForm=Part|Voice=Mid,11,advcl,_,_
9,συμμαχίαν,συμμαχία,NOUN,n-s---fa-,Case=Acc|Gender=Fem|Number=Sing,11,obj,_,_
10,αὐτῷ,αὐτός,ADJ,a-s---md-,Case=Dat|Gender=Masc|Number=Sing,11,iobj,_,_
11,ἐποιοῦντο,ποιέω,VERB,v3piie---,Aspect=Imp|Mood=Ind|Number=Plur|Person=3|Tense=Past|VerbForm=Fin|Voice=Mid,0,root,_,_
12,",",",",PUNCT,u--------,_,11,punct,_,_
13,οἱ,ὁ,PRON,p-p---mn-,Case=Nom|Gender=Masc|Number=Plur,19,det,_,_
14,δὲ,δέ,PART,g--------,_,11,cc,_,_
15,καὶ,καί,ADV,d--------,_,16,advmod,_,_
16,δώροις,δώρον,NOUN,n-p---nd-,Case=Dat|Gender=Neut|Number=Plur,19,advmod,_,_
17,καὶ,καί,CCONJ,c--------,_,16,cc,_,_
18,χρήμασιν,χρήμασις,NOUN,n-p---nd-,Case=Dat|Gender=Neut|Number=Plur,16,conj,_,_
19,ἀναπειθόμενοι,ἀναπειθόμενοι,VERB,v-pppemn-,Case=Nom|Gender=Masc|Number=Plur|Tense=Pres|VerbForm=Part|Voice=Mid,21,nsubj,_,_
20,·,·,PUNCT,u--------,_,11,punct,_,_
21,ἐποιοῦντο,ποιέω,VERB,v3piie---,Aspect=Imp|Mood=Ind|Number=Plur|Person=3|Tense=Past|VerbForm=Fin|Voice=Mid,11,conj,_,_
1,πολλὰ,πολύς,ADJ,a-p---na-,Case=Acc|Gender=Neut|Number=Plur,4,advmod,_,_
2,γὰρ,γάρ,PART,g--------,_,4,advmod,_,_
3,καὶ,καί,ADV,d--------,_,4,advmod,_,_
4,τοιαῦτα,τοιοῦτος,ADJ,a-p---nn-,Case=Nom|Gender=Neut|Number=Plur,0,root,_,_
5,ἦν,εἰμί,VERB,v3siia---,Aspect=Imp|Mood=Ind|Number=Sing|Person=3|Tense=Past|VerbForm=Fin|Voice=Act,4,cop,_,_
6,αὐτῷ,αὐτός,PRON,p-s---md-,Case=Dat|Gender=Masc|Number=Sing,4,advmod,_,_
7,.,.,PUNCT,u--------,_,4,punct,_,_
1,Κυαξάρης,Κυαξάρας,NOUN,n-s---mn-,Case=Nom|Gender=Masc|Number=Sing,10,nsubj,_,_
2,δὲ,δέ,PART,g--------,_,10,advmod,_,_
3,ὁ,ὁ,DET,l-s---mn-,Case=Nom|Gender=Masc|Number=Sing,6,det,_,_
4,τοῦ,ὁ,DET,l-s---mg-,Case=Gen|Gender=Masc|Number=Sing,5,det,_,_
5,Ἀστυάγους,Ἀστυάγης,NOUN,n-s---mg-,Case=Gen|Gender=Masc|Number=Sing,6,nmod,_,_
6,παῖς,παῖς,NOUN,n-s---mn-,Case=Nom|Gender=Masc|Number=Sing,1,nmod,_,_
7,ἐπεὶ,ἐπεί,CCONJ,c--------,_,8,mark,_,_
8,ᾐσθάνετο,ᾐσθάνω,VERB,v3siie---,Aspect=Imp|Mood=Ind|Number=Sing|Person=3|Tense=Past|VerbForm=Fin|Voice=Mid,10,advcl,_,_
9,τήν,ὁ,DET,l-s---fa-,Case=Acc|Gender=Fem|Number=Sing,11,det,_,_
10,τʼ,τʼ,VERB,v3saia---,Mood=Ind|Number=Sing|Person=3|Tense=Past|VerbForm=Fin|Voice=Act,0,root,_,_
11,ἐπιβουλὴν,ἐπιβουλή,NOUN,n-s---fa-,Case=Acc|Gender=Fem|Number=Sing,17,obj,_,_
12,καὶ,καί,CCONJ,c--------,_,11,cc,_,_
13,τὴν,ὁ,DET,l-s---fa-,Case=Acc|Gender=Fem|Number=Sing,14,det,_,_
14,παρασκευὴν,παρασκευή,NOUN,n-s---fa-,Case=Acc|Gender=Fem|Number=Sing,11,conj,_,_
15,τῶν,ὁ,DET,l-p---mg-,Case=Gen|Gender=Masc|Number=Plur,16,det,_,_
16,συνισταμένων,συνισταμένος,VERB,v-pppemg-,Case=Gen|Gender=Masc|Number=Plur|Tense=Pres|VerbForm=Part|Voice=Mid,11,nmod,_,_
17,ἐφʼ,ἐφʼ,VERB,v3saia---,Mood=Ind|Number=Sing|Person=3|Tense=Past|VerbForm=Fin|Voice=Act,10,ccomp,_,_
18,ἑαυτόν,ἑαυτοῦ,PRON,p-s---ma-,Case=Acc|Gender=Masc|Number=Sing,17,obj,_,_
19,",",",",PUNCT,u--------,_,10,punct,_,_
20,αὐτός,αὐτός,ADJ,a-s---mn-,Case=Nom|Gender=Masc|Number=Sing,24,nsubj,_,_
21,τε,τε,PART,g--------,_,10,cc,_,_
22,εὐθέως,εὐθύς,ADV,d--------,_,24,advmod,_,_
23,ὅσα,ὅσος,ADJ,a-p---na-,Case=Acc|Gender=Neut|Number=Plur,24,obj,_,_
24,ἐδύνατο,δύναμαι,VERB,v3saim---,Mood=Ind|Number=Sing|Person=3|Tense=Past|VerbForm=Fin|Voice=Mid,10,conj,_,_
25,ἀντιπαρεσκευάζετο,ἀντιπαρεσκευάζομαι,VERB,v3siie---,Aspect=Imp|Mood=Ind|Number=Sing|Person=3|Tense=Past|VerbForm=Fin|Voice=Mid,29,advcl,_,_
26,καὶ,καί,CCONJ,c--------,_,10,cc,_,_
27,εἰς,εἰς,ADP,r--------,_,28,case,_,_
28,Πέρσας,Πέρσης,NOUN,n-p---ma-,Case=Acc|Gender=Masc|Number=Plur,25,obl,_,_
29,ἔπεμπε,πέμπω,VERB,v3siia---,Aspect=Imp|Mood=Ind|Number=Sing|Person=3|Tense=Past|VerbForm=Fin|Voice=Act,10,conj,_,_
30,πρός,πρός,ADP,r--------,_,29,advmod,_,_
31,τε,τε,ADV,d--------,_,30,advmod,_,_
32,τὸ,ὁ,DET,l-s---na-,Case=Acc|Gender=Neut|Number=Sing,33,det,_,_
33,κοινὸν,κοινός,ADJ,a-s---na-,Case=Acc|Gender=Neut|Number=Sing,29,obj,_,_
34,καὶ,καί,CCONJ,c--------,_,29,cc,_,_
35,πρὸς,πρός,ADP,r--------,_,36,case,_,_
36,Καμβύσην,Καμβύσης,NOUN,n-s---ma-,Case=Acc|Gender=Masc|Number=Sing,29,conj,_,_
37,τὸν,ὁ,DET,l-s---ma-,Case=Acc|Gender=Masc|Number=Sing,36,det,_,_
38,τὴν,ὁ,DET,l-s---fa-,Case=Acc|Gender=Fem|Number=Sing,39,det,_,_
39,ἀδελφὴν,ἀδελφή,NOUN,n-s---fa-,Case=Acc|Gender=Fem|Number=Sing,40,obj,_,_
40,ἔχοντα,ἔχω,VERB,v-sppama-,Case=Acc|Gender=Masc|Number=Sing|Tense=Pres|VerbForm=Part|Voice=Act,36,nmod,_,_
41,καὶ,καί,CCONJ,c--------,_,40,cc,_,_
42,βασιλεύοντα,βασιλεύω,VERB,v-sppama-,Case=Acc|Gender=Masc|Number=Sing|Tense=Pres|VerbForm=Part|Voice=Act,40,conj,_,_
43,ἐν,ἐν,ADP,r--------,_,44,case,_,_
44,Πέρσαις,Πέρσης,NOUN,n-p---fd-,Case=Dat|Gender=Fem|Number=Plur,42,obl,_,_
45,.,.,PUNCT,u--------,_,10,punct,_,_
1,ἔπεμπε,πέμπω,VERB,v3siia---,Aspect=Imp|Mood=Ind|Number=Sing|Person=3|Tense=Past|VerbForm=Fin|Voice=Act,0,root,_,_
2,δὲ,δέ,PART,g--------,_,1,advmod,_,_
3,καὶ,καί,ADV,d--------,_,1,advmod,_,_
4,πρὸς,πρός,ADP,r--------,_,5,case,_,_
5,Κῦρον,Κῦρος,NOUN,n-s---ma-,Case=Acc|Gender=Masc|Number=Sing,1,obl,_,_
6,",",",",PUNCT,u--------,_,1,punct,_,_
7,δεόμενος,δέω,VERB,v-sppemn-,Case=Nom|Gender=Masc|Number=Sing|Tense=Pres|VerbForm=Part|Voice=Mid,9,advcl,_,_
8,αὐτοῦ,αὐτός,ADJ,a-s---mg-,Case=Gen|Gender=Masc|Number=Sing,7,obj,_,_
9,πειρᾶσθαι,πειράω,VERB,v--pne---,Tense=Pres|VerbForm=Inf|Voice=Mid,1,xcomp,_,_
10,ἄρχοντα,ἄρχω,VERB,v-sppama-,Case=Acc|Gender=Masc|Number=Sing|Tense=Pres|VerbForm=Part|Voice=Act,11,advcl,_,_
11,ἐλθεῖν,ἔρχομαι,VERB,v--ana---,Tense=Past|VerbForm=Inf|Voice=Act,9,xcomp,_,_
12,τῶν,ὁ,DET,l-p---mg-,Case=Gen|Gender=Masc|Number=Plur,13,det,_,_
13,ἀνδρῶν,ἀνήρ,NOUN,n-p---mg-,Case=Gen|Gender=Masc|Number=Plur,11,obj,_,_
14,",",",",PUNCT,u--------,_,15,punct,_,_
15,εἴ,εἰ,SCONJ,c--------,_,17,mark,_,_
16,τινας,τις,PRON,p-p---ma-,Case=Acc|Gender=Masc|Number=Plur,17,obj,_,_
17,πέμποι,πέμπω,VERB,v3spoa---,Mood=Opt|Number=Sing|Person=3|Tense=Pres|VerbForm=Fin|Voice=Act,11,advcl,_,_
18,στρατιώτας,στρατιώτης,NOUN,n-p---ma-,Case=Acc|Gender=Masc|Number=Plur,17,obj,_,_
19,τὸ,ὁ,DET,l-s---na-,Case=Acc|Gender=Neut|Number=Sing,18,det,_,_
20,Περσῶν,Πέρσης,NOUN,n-p---mg-,Case=Gen|Gender=Masc|Number=Plur,18,nmod,_,_
21,κοινόν,κοινός,ADJ,a-s---nn-,Case=Nom|Gender=Neut|Number=Sing,18,nmod,_,_
22,.,.,PUNCT,u--------,_,1,punct,_,_
1,ἤδη,ἤδη,ADV,d--------,_,6,advmod,_,_
2,γὰρ,γάρ,PART,g--------,_,6,advmod,_,_
3,καὶ,καί,ADV,d--------,_,6,advmod,_,_
4,ὁ,ὁ,DET,l-s---mn-,Case=Nom|Gender=Masc|Number=Sing,5,det,_,_
5,Κῦρος,Κῦρος,NOUN,n-s---mn-,Case=Nom|Gender=Masc|Number=Sing,6,nsubj,_,_
6,διατετελεκὼς,διατετελεκὼς,VERB,v-sapamn-,Case=Nom|Gender=Masc|Number=Sing|Tense=Past|VerbForm=Part|Voice=Act,0,root,_,_
7,τὰ,ὁ,DET,l-p---na-,Case=Acc|Gender=Neut|Number=Plur,8,det,_,_
8,ἐν,ἐν,ADP,r--------,_,12,case,_,_
9,τοῖς,ὁ,DET,l-p---nd-,Case=Dat|Gender=Neut|Number=Plur,11,det,_,_
10,ἐφήβοις,ἐφήβω,ADJ,a-p---nd-,Case=Dat|Gender=Neut|Number=Plur,11,nmod,_,_
11,δέκα,δέκα,NUM,m--------,_,12,nummod,_,_
12,ἔτη,ἔτος,NOUN,n-p---na-,Case=Acc|Gender=Neut|Number=Plur,6,obl,_,_
13,ἐν,ἐν,ADP,r--------,_,16,case,_,_
14,τοῖς,ὁ,DET,l-p---md-,Case=Dat|Gender=Masc|Number=Plur,16,det,_,_
15,τελείοις,τελείοις,ADJ,a-p---md-,Case=Dat|Gender=Masc|Number=Plur,16,nmod,_,_
16,ἀνδράσιν,ἀνήρ,NOUN,n-p---md-,Case=Dat|Gender=Masc|Number=Plur,6,obl,_,_
17,ἦν,εἰμί,VERB,v3siia---,Aspect=Imp|Mood=Ind|Number=Sing|Person=3|Tense=Past|VerbForm=Fin|Voice=Act,16,cop,_,_
18,.,.,PUNCT,u--------,_,6,punct,_,_
1,οὕτω,οὕτως,ADV,d--------,_,9,advmod,_,_
2,δὴ,δή,PART,g--------,_,3,advmod,_,_
3,δεξαμένου,δέχομαι,VERB,v-sapmmg-,Case=Gen|Gender=Masc|Number=Sing|Tense=Past|VerbForm=Part|Voice=Mid,7,xcomp,_,_
4,τοῦ,ὁ,DET,l-s---mg-,Case=Gen|Gender=Masc|Number=Sing,5,det,_,_
5,Κύρου,Κῦρος,NOUN,n-s---mg-,Case=Gen|Gender=Masc|Number=Sing,3,obj,_,_
6,οἱ,ὁ,DET,l-p---mn-,Case=Nom|Gender=Masc|Number=Plur,7,det,_,_
7,βουλεύοντες,βουλεύω,VERB,v-pppamn-,Case=Nom|Gender=Masc|Number=Plur|Tense=Pres|VerbForm=Part|Voice=Act,9,advcl,_,_
8,γεραίτεροι,γεραίτερος,ADJ,a-p---mn-,Case=Nom|Gender=Masc|Number=Plur,9,xcomp,_,_
9,αἱροῦνται,αἱροῦμαι,VERB,v3ppie---,Mood=Ind|Number=Plur|Person=3|Tense=Pres|VerbForm=Fin|Voice=Mid,0,root,_,_
10,αὐτὸν,αὐτός,ADJ,a-s---ma-,Case=Acc|Gender=Masc|Number=Sing,9,obj,_,_
11,ἄρχοντα,ἄρχω,VERB,v-sppama-,Case=Acc|Gender=Masc|Number=Sing|Tense=Pres|VerbForm=Part|Voice=Act,9,xcomp,_,_
12,τῆς,ὁ,DET,l-s---fg-,Case=Gen|Gender=Fem|Number=Sing,15,det,_,_
13,εἰς,εἰς,ADP,r--------,_,15,case,_,_
14,Μήδους,Μῆδος,ADJ,a-s---fg-,Case=Gen|Gender=Fem|Number=Sing,15,nmod,_,_
15,στρατιᾶς,στρατιά,NOUN,n-s---fg-,Case=Gen|Gender=Fem|Number=Sing,11,obl,_,_
16,.,.,PUNCT,u--------,_,9,punct,_,_
1,ἔδοσαν,δίδωμι,VERB,v3paia---,Mood=Ind|Number=Plur|Person=3|Tense=Past|VerbForm=Fin|Voice=Act,0,root,_,_
2,δὲ,δέ,PART,g--------,_,1,advmod,_,_
3,αὐτῷ,αὐτός,ADJ,a-s---md-,Case=Dat|Gender=Masc|Number=Sing,1,obj,_,_
4,καὶ,καί,CCONJ,c--------,_,1,cc,_,_
5,προσελέσθαι,προσελέμαι,VERB,v--anm---,Tense=Past|VerbForm=Inf|Voice=Mid,16,advcl,_,_
6,διακοσίους,διακόσιοι,ADJ,a-p---ma-,Case=Acc|Gender=Masc|Number=Plur,5,xcomp,_,_
7,τῶν,ὁ,DET,l-p---mg-,Case=Gen|Gender=Masc|Number=Plur,8,det,_,_
8,ὁμοτίμων,ὁμοτῖμος,ADJ,a-p---mg-,Case=Gen|Gender=Masc|Number=Plur,6,nmod,_,_
9,",",",",PUNCT,u--------,_,5,punct,_,_
10,τῶν,ὁ,PRON,p-p---mg-,Case=Gen|Gender=Masc|Number=Plur,11,obj,_,_
11,δʼ,δʼ,VERB,v3saia---,Mood=Ind|Number=Sing|Person=3|Tense=Past|VerbForm=Fin|Voice=Act,1,conj,_,_
12,αὖ,αὖ,ADV,d--------,_,11,advmod,_,_
13,διακοσίων,διακόσιοι,VERB,v-sppamn-,Case=Nom|Gender=Masc|Number=Sing|Tense=Pres|VerbForm=Part|Voice=Act,11,advcl,_,_
14,ἑκάστῳ,ἕκαστος,ADJ,a-s---md-,Case=Dat|Gender=Masc|Number=Sing,15,nmod,_,_
15,τέτταρας,τέτταρ,NOUN,n-s---na-,Case=Acc|Gender=Neut|Number=Sing,13,obj,_,_
16,ἔδωκαν,δίδωμι,VERB,v3paia---,Mood=Ind|Number=Plur|Person=3|Tense=Past|VerbForm=Fin|Voice=Act,11,ccomp,_,_
17,προσελέσθαι,προσελέμαι,VERB,v--anm---,Tense=Past|VerbForm=Inf|Voice=Mid,16,xcomp,_,_
18,καὶ,καί,CCONJ,c--------,_,16,cc,_,_
19,τούτους,οὗτος,ADJ,a-p---ma-,Case=Acc|Gender=Masc|Number=Plur,16,obj,_,_
20,ἐκ,ἐκ,ADP,r--------,_,22,case,_,_
21,τῶν,ὁ,DET,l-p---mg-,Case=Gen|Gender=Masc|Number=Plur,22,det,_,_
22,ὁμοτίμων,ὁμοτίμων,ADJ,a-p---mg-,Case=Gen|Gender=Masc|Number=Plur,19,amod,_,_
23,·,·,PUNCT,u--------,_,1,punct,_,_
1,γίγνονται,γίγνομαι,VERB,v3ppie---,Mood=Ind|Number=Plur|Person=3|Tense=Pres|VerbForm=Fin|Voice=Mid,0,root,_,_
2,μὲν,μέν,PART,g--------,_,1,advmod,_,_
3,δὴ,δή,PART,g--------,_,1,advmod,_,_
4,οὗτοι,οὗτος,PRON,p-p---mn-,Case=Nom|Gender=Masc|Number=Plur,1,nsubj,_,_
5,χίλιοι,χίλιοι,ADJ,a-p---mn-,Case=Nom|Gender=Masc|Number=Plur,4,xcomp,_,_
6,·,·,PUNCT,u--------,_,1,punct,_,_
1,τῶν,ὁ,PRON,p-p---mg-,Case=Gen|Gender=Masc|Number=Plur,2,det,_,_
2,δʼ,δʼ,VERB,v3saia---,Mood=Ind|Number=Sing|Person=3|Tense=Past|VerbForm=Fin|Voice=Act,0,root,_,_
3,αὖ,αὖ,ADV,d--------,_,2,advmod,_,_
4,χιλίων,χίλιοι,ADJ,a-p---fg-,Case=Gen|Gender=Fem|Number=Plur,6,amod,_,_
5,τούτων,οὗτος,ADJ,a-p---ng-,Case=Gen|Gender=Neut|Number=Plur,4,nmod,_,_
6,ἑκάστῳ,ἕκαστος,ADJ,a-s---md-,Case=Dat|Gender=Masc|Number=Sing,2,obj,_,_
7,ἔταξαν,τάσσω,VERB,v3paia---,Mood=Ind|Number=Plur|Person=3|Tense=Past|VerbForm=Fin|Voice=Act,2,advcl,_,_
8,ἐκ,ἐκ,ADP,r--------,_,10,case,_,_
9,τοῦ,ὁ,DET,l-s---mg-,Case=Gen|Gender=Masc|Number=Sing,10,det,_,_
10,δήμου,δῆμος,NOUN,n-s---mg-,Case=Gen|Gender=Masc|Number=Sing,7,obl,_,_
11,τῶν,ὁ,DET,l-p---mg-,Case=Gen|Gender=Masc|Number=Plur,12,det,_,_
12,Περσῶν,Πέρσης,NOUN,n-p---mg-,Case=Gen|Gender=Masc|Number=Plur,10,nmod,_,_
13,δέκα,δέκα,ADJ,a--------,_,16,advmod,_,_
14,μὲν,μέν,PART,g--------,_,13,advmod,_,_
15,πελταστὰς,πελταίστημι,VERB,v-sapamn-,Case=Nom|Gender=Masc|Number=Sing|Tense=Past|VerbForm=Part|Voice=Act,16,advcl,_,_
16,προσελέσθαι,προσελέμαι,VERB,v--anm---,Tense=Past|VerbForm=Inf|Voice=Mid,2,xcomp,_,_
17,",",",",PUNCT,u--------,_,16,punct,_,_
18,δέκα,δέκα,NUM,m--------,_,20,nummod,_,_
19,δὲ,δέ,PART,g--------,_,16,cc,_,_
20,σφενδονήτας,σφενδονήτης,NOUN,n-p---ma-,Case=Acc|Gender=Masc|Number=Plur,24,obj,_,_
21,",",",",PUNCT,u--------,_,20,punct,_,_
22,δέκα,δέκα,NUM,m--------,_,24,nummod,_,_
23,δὲ,δέ,PART,g--------,_,20,cc,_,_
24,τοξότας,τοξότας,VERB,v-prpama-,Aspect=Perf|Case=Acc|Gender=Masc|Number=Plur|Tense=Past|VerbForm=Part|Voice=Act,16,conj,_,_
25,·,·,PUNCT,u--------,_,2,punct,_,_
1,καὶ,καί,CCONJ,c--------,_,3,advmod,_,_
2,οὕτως,οὕτως,ADV,d--------,_,3,advmod,_,_
3,ἐγένοντο,γίγνομαι,VERB,v3paim---,Mood=Ind|Number=Plur|Person=3|Tense=Past|VerbForm=Fin|Voice=Mid,0,root,_,_
4,μύριοι,μύριοι,ADJ,a-p---mn-,Case=Nom|Gender=Masc|Number=Plur,6,nmod,_,_
5,μὲν,μέν,PART,g--------,_,6,advmod,_,_
6,τοξόται,τοξότης,NOUN,n-p---mn-,Case=Nom|Gender=Masc|Number=Plur,3,nsubj,_,_
7,",",",",PUNCT,u--------,_,3,punct,_,_
8,μύριοι,μύριοι,ADJ,a-p---mn-,Case=Nom|Gender=Masc|Number=Plur,10,nmod,_,_
9,δὲ,δέ,PART,g--------,_,3,cc,_,_
10,πελτασταί,πελταστής,NOUN,n-p---mn-,Case=Nom|Gender=Masc|Number=Plur,3,conj,_,_
11,",",",",PUNCT,u--------,_,10,punct,_,_
12,μύριοι,μύριοι,ADJ,a-p---mn-,Case=Nom|Gender=Masc|Number=Plur,14,nmod,_,_
13,δὲ,δέ,PART,g--------,_,10,cc,_,_
14,σφενδονῆται,τίσφενδονημι,NOUN,n-p---mn-,Case=Nom|Gender=Masc|Number=Plur,10,conj,_,_
15,·,·,PUNCT,u--------,_,3,punct,_,_
1,χωρὶς,χωρίς,ADV,d--------,_,6,advmod,_,_
2,δὲ,δέ,PART,g--------,_,6,advmod,_,_
3,τούτων,οὗτος,ADJ,a-p---mg-,Case=Gen|Gender=Masc|Number=Plur,1,nmod,_,_
4,οἱ,ἕ,DET,l-p---mn-,Case=Nom|Gender=Masc|Number=Plur,5,det,_,_
5,χίλιοι,χίλιος,NOUN,n-p---mn-,Case=Nom|Gender=Masc|Number=Plur,6,nsubj,_,_
6,ὑπῆρχον,ὑπάρχω,VERB,v3piia---,Aspect=Imp|Mood=Ind|Number=Plur|Person=3|Tense=Past|VerbForm=Fin|Voice=Act,0,root,_,_
7,.,.,PUNCT,u--------,_,6,punct,_,_
1,τοσαύτη,τοσοῦτος,ADJ,a-s---fn-,Case=Nom|Gender=Fem|Number=Sing,7,xcomp,_,_
2,μὲν,μέν,PART,g--------,_,7,advmod,_,_
3,δὴ,δή,PART,g--------,_,7,advmod,_,_
4,στρατιὰ,στρατιά,ADJ,a-s---fn-,Case=Nom|Gender=Fem|Number=Sing,7,xcomp,_,_
5,τῷ,ὁ,DET,l-s---md-,Case=Dat|Gender=Masc|Number=Sing,6,det,_,_
6,Κύρῳ,Κῦρος,NOUN,n-s---md-,Case=Dat|Gender=Masc|Number=Sing,7,obj,_,_
7,ἐδόθη,δόω,VERB,v3saip---,Mood=Ind|Number=Sing|Person=3|Tense=Past|VerbForm=Fin|Voice=Pass,0,root,_,_
8,.,.,PUNCT,u--------,_,7,punct,_,_
1,ἐπεὶ,ἐπεί,CCONJ,c--------,_,3,mark,_,_
2,δὲ,δέ,PART,g--------,_,1,advmod,_,_
3,ᾑρέθη,ᾑρίσκω,VERB,v3saip---,Mood=Ind|Number=Sing|Person=3|Tense=Past|VerbForm=Fin|Voice=Pass,0,root,_,_
4,τάχιστα,ταχύς,ADJ,a-p---nas,Case=Acc|Degree=Sup|Gender=Neut|Number=Plur,3,advmod,_,_
5,",",",",PUNCT,u--------,_,1,punct,_,_
6,ἤρχετο,ἤρχομαι,VERB,v3siie---,Aspect=Imp|Mood=Ind|Number=Sing|Person=3|Tense=Past|VerbForm=Fin|Voice=Mid,3,advcl,_,_
7,πρῶτον,πρότερος,ADJ,a-s---na-,Case=Acc|Gender=Neut|Number=Sing,6,advmod,_,_
8,ἀπὸ,ἀπό,ADP,r--------,_,10,case,_,_
9,τῶν,ὁ,DET,l-p---mg-,Case=Gen|Gender=Masc|Number=Plur,10,det,_,_
10,θεῶν,θεός,NOUN,n-p---mg-,Case=Gen|Gender=Masc|Number=Plur,6,obl,_,_
11,·,·,PUNCT,u--------,_,3,punct,_,_
1,καλλιερησάμενος,καλλιερέω,VERB,v-sapmmn-,Case=Nom|Gender=Masc|Number=Sing|Tense=Past|VerbForm=Part|Voice=Mid,4,advcl,_,_
2,δὲ,δέ,PART,g--------,_,4,advmod,_,_
3,τότε,τότε,ADV,d--------,_,4,advmod,_,_
4,προσῃρεῖτο,προσῃρέω,VERB,v3siie---,Aspect=Imp|Mood=Ind|Number=Sing|Person=3|Tense=Past|VerbForm=Fin|Voice=Mid,0,root,_,_
5,τοὺς,ὁ,DET,l-p---ma-,Case=Acc|Gender=Masc|Number=Plur,6,det,_,_
6,διακοσίους,διακόσιοι,ADJ,a-p---ma-,Case=Acc|Gender=Masc|Number=Plur,4,obj,_,_
7,·,·,PUNCT,u--------,_,4,punct,_,_
1,ἐπεὶ,ἐπεί,CCONJ,c--------,_,3,mark,_,_
2,δὲ,δέ,PART,g--------,_,11,advmod,_,_
3,προσείλοντο,προσείλω,VERB,v3paim---,Mood=Ind|Number=Plur|Person=3|Tense=Past|VerbForm=Fin|Voice=Mid,11,advcl,_,_
4,καὶ,καί,CCONJ,c--------,_,5,advmod,_,_
5,οὗτοι,οὗτος,PRON,p-p---mn-,Case=Nom|Gender=Masc|Number=Plur,3,nsubj,_,_
6,δὴ,δή,PART,g--------,_,3,advmod,_,_
7,τοὺς,ὁ,DET,l-p---ma-,Case=Acc|Gender=Masc|Number=Plur,8,det,_,_
8,τέτταρας,τέτταρ,NOUN,n-p---ma-,Case=Acc|Gender=Masc|Number=Plur,3,obj,_,_
9,ἕκαστοι,ἕκαστος,ADJ,a-p---mn-,Case=Nom|Gender=Masc|Number=Plur,3,xcomp,_,_
10,",",",",PUNCT,u--------,_,11,punct,_,_
11,συνέλεξεν,συναλέγω,VERB,v3saia---,Mood=Ind|Number=Sing|Person=3|Tense=Past|VerbForm=Fin|Voice=Act,0,root,_,_
12,αὐτοὺς,αὐτός,PRON,p-p---ma-,Case=Acc|Gender=Masc|Number=Plur,11,obj,_,_
13,καὶ,καί,CCONJ,c--------,_,11,cc,_,_
14,εἶπε,εἶπον,VERB,v3saia---,Mood=Ind|Number=Sing|Person=3|Tense=Past|VerbForm=Fin|Voice=Act,11,conj,_,_
15,τότε,τότε,ADV,d--------,_,18,advmod,_,_
16,πρῶτον,πρῶτος,ADJ,a-s---na-,Case=Acc|Gender=Neut|Number=Sing,18,advmod,_,_
17,ἐν,ἐν,ADP,r--------,_,18,case,_,_
18,αὐτοῖς,αὐτός,ADJ,a-p---md-,Case=Dat|Gender=Masc|Number=Plur,19,amod,_,_
19,τάδε,ὅδε,PRON,p-p---na-,Case=Acc|Gender=Neut|Number=Plur,14,obj,_,_
20,.,.,PUNCT,u--------,_,11,punct,_,_
1,ἄνδρες,ἀνήρ,NOUN,n-p---mv-,Case=Voc|Gender=Masc|Number=Plur,14,vocative,_,_
2,φίλοι,φίλος,ADJ,a-p---mv-,Case=Voc|Gender=Masc|Number=Plur,1,nmod,_,_
3,",",",",PUNCT,u--------,_,1,punct,_,_
4,ἐγὼ,ἐγώ,PRON,p-s---mn-,Case=Nom|Gender=Masc|Number=Sing,5,nsubj,_,_
5,προσειλόμην,προσειλνέομαι,VERB,v1saim---,Mood=Ind|Number=Sing|Person=1|Tense=Past|VerbForm=Fin|Voice=Mid,14,advcl,_,_
6,μὲν,μέν,PART,g--------,_,14,advmod,_,_
7,ὑμᾶς,σύ,PRON,p-p---fa-,Case=Acc|Gender=Fem|Number=Plur,14,obj,_,_
8,",",",",PUNCT,u--------,_,14,punct,_,_
9,οὐ,οὐ,ADV,d--------,_,10,advmod,_,_
10,νῦν,νῦν,ADV,d--------,_,14,advmod,_,_
11,πρῶτον,πρῶτος,ADJ,a-s---na-,Case=Acc|Gender=Neut|Number=Sing,12,advmod,_,_
12,δοκιμάσας,δοκιμάζω,VERB,v-sapamn-,Case=Nom|Gender=Masc|Number=Sing|Tense=Past|VerbForm=Part|Voice=Act,14,advcl,_,_
13,",",",",PUNCT,u--------,_,12,punct,_,_
14,ἀλλʼ,ἀλλʼ,VERB,v3saia---,Mood=Ind|Number=Sing|Person=3|Tense=Past|VerbForm=Fin|Voice=Act,24,advcl,_,_
15,ἐκ,ἐκ,ADP,r--------,_,16,case,_,_
16,παίδων,παῖς,NOUN,n-p---mg-,Case=Gen|Gender=Masc|Number=Plur,14,obl,_,_
17,ὁρῶν,ὁράω,VERB,v-sppamn-,Case=Nom|Gender=Masc|Number=Sing|Tense=Pres|VerbForm=Part|Voice=Act,24,advcl,_,_
18,ὑμᾶς,σύ,PRON,p-p---ma-,Case=Acc|Gender=Masc|Number=Plur,17,obj,_,_
19,ἃ,ὅς,PRON,p-p---na-,Case=Acc|Gender=Neut|Number=Plur,24,obj,_,_
20,μὲν,μέν,PART,g--------,_,24,advmod,_,_
21,καλὰ,καλός,ADJ,a-p---na-,Case=Acc|Gender=Neut|Number=Plur,24,obj,_,_
22,ἡ,ὁ,DET,l-s---fn-,Case=Nom|Gender=Fem|Number=Sing,23,det,_,_
23,πόλις,πόλις,NOUN,n-s---fn-,Case=Nom|Gender=Fem|Number=Sing,24,nsubj,_,_
24,νομίζει,νομίζω,VERB,v3spia---,Mood=Ind|Number=Sing|Person=3|Tense=Pres|VerbForm=Fin|Voice=Act,0,root,_,_
25,",",",",PUNCT,u--------,_,18,punct,_,_
26,προθύμως,πρόθυμος,ADV,d--------,_,28,advmod,_,_
27,ταῦτα,οὗτος,ADJ,a-p---na-,Case=Acc|Gender=Neut|Number=Plur,28,obj,_,_
28,ἐκπονοῦντας,ἐκπονοῦντας,VERB,v-pppama-,Case=Acc|Gender=Masc|Number=Plur|Tense=Pres|VerbForm=Part|Voice=Act,18,xcomp,_,_
29,",",",",PUNCT,u--------,_,24,punct,_,_
30,ἃ,ὅς,PRON,p-p---na-,Case=Acc|Gender=Neut|Number=Plur,33,obj,_,_
31,δὲ,δέ,PART,g--------,_,24,cc,_,_
32,αἰσχρὰ,αἰσχρός,NOUN,n-p---nn-,Case=Nom|Gender=Neut|Number=Plur,33,nsubj,_,_
33,ἡγεῖται,ἡγέομαι,VERB,v3spie---,Mood=Ind|Number=Sing|Person=3|Tense=Pres|VerbForm=Fin|Voice=Mid,24,conj,_,_
34,",",",",PUNCT,u--------,_,18,punct,_,_
35,παντελῶς,παντελής,ADV,d--------,_,36,advmod,_,_
36,τούτων,οὗτος,ADJ,a-p---mg-,Case=Gen|Gender=Masc|Number=Plur,37,amod,_,_
37,ἀπεχομένους,ἀπεχομένος,VERB,v-pppema-,Case=Acc|Gender=Masc|Number=Plur|Tense=Pres|VerbForm=Part|Voice=Mid,18,xcomp,_,_
38,.,.,PUNCT,u--------,_,24,punct,_,_
1,ὧν,ὅς,PRON,p-p---ng-,Case=Gen|Gender=Neut|Number=Plur,2,obl,_,_
2,δʼ,δʼ,VERB,v3saia---,Mood=Ind|Number=Sing|Person=3|Tense=Past|VerbForm=Fin|Voice=Act,0,root,_,_
3,ἕνεκα,ἕνεκα,ADP,r--------,_,1,case,_,_
4,αὐτός,αὐτός,ADJ,a-s---mn-,Case=Nom|Gender=Masc|Number=Sing,7,nmod,_,_
5,τε,τε,PART,g--------,_,2,cc,_,_
6,οὐκ,οὐ,ADV,d--------,_,7,advmod,_,_
7,ἄκων,ἄκων,NOUN,n-s---mn-,Case=Nom|Gender=Masc|Number=Sing,2,nsubj,_,_
8,εἰς,εἰς,ADP,r--------,_,9,case,_,_
9,τόδε,ὅδε,PRON,p-s---na-,Case=Acc|Gender=Neut|Number=Sing,2,obl,_,_
10,τὸ,ὁ,DET,l-s---na-,Case=Acc|Gender=Neut|Number=Sing,11,det,_,_
11,τέλος,τέλος,NOUN,n-s---na-,Case=Acc|Gender=Neut|Number=Sing,2,obj,_,_
12,κατέστην,κατέστης,VERB,v3diia---,Aspect=Imp|Mood=Ind|Number=Dual|Person=3|Tense=Past|VerbForm=Fin|Voice=Act,2,advcl,_,_
13,καὶ,καί,CCONJ,c--------,_,12,cc,_,_
14,ὑμᾶς,σύ,PRON,p-p---fa-,Case=Acc|Gender=Fem|Number=Plur,15,obj,_,_
15,παρεκάλεσα,παρεκάλεσα,VERB,v-sppafn-,Case=Nom|Gender=Fem|Number=Sing|Tense=Pres|VerbForm=Part|Voice=Act,12,conj,_,_
16,δηλῶσαι,δηλόω,VERB,v--ana---,Tense=Past|VerbForm=Inf|Voice=Act,18,xcomp,_,_
17,ὑμῖν,σύ,PRON,p-p---md-,Case=Dat|Gender=Masc|Number=Plur,16,obj,_,_
18,βούλομαι,βούλομαι,VERB,v1spie---,Mood=Ind|Number=Sing|Person=1|Tense=Pres|VerbForm=Fin|Voice=Mid,2,advcl,_,_
19,.,.,PUNCT,u--------,_,2,punct,_,_
1,ἐγὼ,ἐγώ,PRON,p-s---mn-,Case=Nom|Gender=Masc|Number=Sing,3,nsubj,_,_
2,γὰρ,γάρ,PART,g--------,_,3,advmod,_,_
3,κατενόησα,κατενοέω,VERB,v1saia---,Mood=Ind|Number=Sing|Person=1|Tense=Past|VerbForm=Fin|Voice=Act,0,root,_,_
4,ὅτι,ὅτι,SCONJ,c--------,_,11,mark,_,_
5,οἱ,ὁ,DET,l-p---mn-,Case=Nom|Gender=Masc|Number=Plur,6,det,_,_
6,πρόγονοι,πρόγονος,NOUN,n-p---mn-,Case=Nom|Gender=Masc|Number=Plur,11,nsubj,_,_
7,χείρονες,χείρων,NOUN,n-p---mn-,Case=Nom|Gender=Masc|Number=Plur,6,nmod,_,_
8,μὲν,μέν,PART,g--------,_,11,advmod,_,_
9,ἡμῶν,ἐγώ,ADJ,a-p---mg-,Case=Gen|Gender=Masc|Number=Plur,10,nmod,_,_
10,οὐδὲν,οὐδείς,ADJ,a-s---na-,Case=Acc|Gender=Neut|Number=Sing,11,obj,_,_
11,ἐγένοντο,γίγνομαι,VERB,v3paim---,Mood=Ind|Number=Plur|Person=3|Tense=Past|VerbForm=Fin|Voice=Mid,3,ccomp,_,_
12,·,·,PUNCT,u--------,_,3,punct,_,_
1,ἀσκοῦντες,ἀσκέω,VERB,v-pppamn-,Case=Nom|Gender=Masc|Number=Plur|Tense=Pres|VerbForm=Part|Voice=Act,3,advcl,_,_
2,γοῦν,γοῦν,PART,g--------,_,3,advmod,_,_
3,κ-,κ-,VERB,v3saia---,Mood=Ind|Number=Sing|Person=3|Tense=Past|VerbForm=Fin|Voice=Act,0,root,_,_
4,ἀκεῖνοι,ἀκεῖνος,ADJ,a-p---mn-,Case=Nom|Gender=Masc|Number=Plur,3,xcomp,_,_
5,διετέλεσαν,διατελέω,VERB,v3paia---,Mood=Ind|Number=Plur|Person=3|Tense=Past|VerbForm=Fin|Voice=Act,3,advcl,_,_
6,ἅπερ,ὅς,PRON,p-p---na-,Case=Acc|Gender=Neut|Number=Plur,9,nsubj,_,_
7,ἔργα,ἔργον,NOUN,n-p---na-,Case=Acc|Gender=Neut|Number=Plur,9,obj,_,_
8,ἀρετῆς,ἀρετή,NOUN,n-s---fg-,Case=Gen|Gender=Fem|Number=Sing,7,nmod,_,_
9,νομίζεται,νομίζω,VERB,v3spie---,Mood=Ind|Number=Sing|Person=3|Tense=Pres|VerbForm=Fin|Voice=Mid,5,ccomp,_,_
10,·,·,PUNCT,u--------,_,3,punct,_,_
1,ὅ,ὅς,PRON,p-s---na-,Case=Acc|Gender=Neut|Number=Sing,4,obj,_,_
2,τι,τις,PRON,p-s---na-,Case=Acc|Gender=Neut|Number=Sing,1,advmod,_,_
3,μέντοι,μέντοι,PART,g--------,_,4,advmod,_,_
4,προσεκτήσαντο,προσεκτήω,VERB,v3paim---,Mood=Ind|Number=Plur|Person=3|Tense=Past|VerbForm=Fin|Voice=Mid,0,root,_,_
5,τοιοῦτοι,τοιοῦτος,PRON,p-p---mn-,Case=Nom|Gender=Masc|Number=Plur,4,nsubj,_,_
6,ὄντες,εἰμί,VERB,v-pppamn-,Case=Nom|Gender=Masc|Number=Plur|Tense=Pres|VerbForm=Part|Voice=Act,4,advcl,_,_
7,ἢ,ἤ,CCONJ,c--------,_,12,advmod,_,_
8,τῷ,τίς,DET,l-s---md-,Case=Dat|Gender=Masc|Number=Sing,11,det,_,_
9,τῶν,ὁ,DET,l-p---mg-,Case=Gen|Gender=Masc|Number=Plur,10,det,_,_
10,Περσῶν,Πέρσης,NOUN,n-p---mg-,Case=Gen|Gender=Masc|Number=Plur,11,nmod,_,_
11,κοινῷ,κοινός,ADJ,a-s---md-,Case=Dat|Gender=Masc|Number=Sing,12,advmod,_,_
12,ἀγαθὸν,ἀγαθός,ADJ,a-s---ma-,Case=Acc|Gender=Masc|Number=Sing,6,obj,_,_
13,ἢ,ἤ,CCONJ,c--------,_,12,cc,_,_
14,αὑτοῖς,ἑαυτοῦ,PRON,p-p---md-,Case=Dat|Gender=Masc|Number=Plur,12,conj,_,_
15,",",",",PUNCT,u--------,_,4,punct,_,_
16,τοῦτʼ,τοῦτʼ,VERB,v3saia---,Mood=Ind|Number=Sing|Person=3|Tense=Past|VerbForm=Fin|Voice=Act,4,parataxis,_,_
17,οὐκέτι,οὐκέτι,ADV,d--------,_,18,advmod,_,_
18,δύναμαι,δύναμαι,VERB,v1spie---,Mood=Ind|Number=Sing|Person=1|Tense=Pres|VerbForm=Fin|Voice=Mid,16,ccomp,_,_
19,ἰδεῖν,ὁράω,VERB,v--ana---,Tense=Past|VerbForm=Inf|Voice=Act,18,xcomp,_,_
20,.,.,PUNCT,u--------,_,4,punct,_,_
1,καίτοι,καίτοι,PART,g--------,_,3,advmod,_,_
2,ἐγὼ,ἐγώ,PRON,p-s---mn-,Case=Nom|Gender=Masc|Number=Sing,3,nsubj,_,_
3,οἶμαι,οἶμαι,VERB,v1sasm---,Mood=Sub|Number=Sing|Person=1|Tense=Past|VerbForm=Fin|Voice=Mid,7,advcl,_,_
4,οὐδεμίαν,οὐδείς,ADJ,a-s---fa-,Case=Acc|Gender=Fem|Number=Sing,5,nmod,_,_
5,ἀρετὴν,ἀρετή,NOUN,n-s---fa-,Case=Acc|Gender=Fem|Number=Sing,6,obj,_,_
6,ἀσκεῖσθαι,ἀσκεῖμαι,VERB,v--fnp---,Tense=Fut|VerbForm=Inf|Voice=Pass,7,advcl,_,_
7,ὑπʼ,ὑπʼ,VERB,v3saia---,Mood=Ind|Number=Sing|Person=3|Tense=Past|VerbForm=Fin|Voice=Act,0,root,_,_
8,ἀνθρώπων,ἄνθρωπος,NOUN,n-p---mg-,Case=Gen|Gender=Masc|Number=Plur,12,nsubj,_,_
9,ὡς,ὡς,SCONJ,c--------,_,11,mark,_,_
10,μηδὲν,μηδείς,NOUN,n-s---na-,Case=Acc|Gender=Neut|Number=Sing,11,advmod,_,_
11,πλέον,πλέος,ADJ,a-s---na-,Case=Acc|Gender=Neut|Number=Sing,12,advmod,_,_
12,ἔχωσιν,ἔχωμι,VERB,v3pasa---,Mood=Sub|Number=Plur|Person=3|Tense=Past|VerbForm=Fin|Voice=Act,7,ccomp,_,_
13,οἱ,ἕ,PRON,p-s---md-,Case=Dat|Gender=Masc|Number=Sing,15,obj,_,_
14,ἐσθλοὶ,ἐσθλός,ADJ,a-p---mn-,Case=Nom|Gender=Masc|Number=Plur,8,amod,_,_
15,γενόμενοι,γίγνομαι,VERB,v-papmmn-,Case=Nom|Gender=Masc|Number=Plur|Tense=Past|VerbForm=Part|Voice=Mid,19,advcl,_,_
16,τῶν,ὁ,DET,l-p---mg-,Case=Gen|Gender=Masc|Number=Plur,17,det,_,_
17,πονηρῶν,πονηρός,NOUN,n-p---mg-,Case=Gen|Gender=Masc|Number=Plur,15,obj,_,_
18,",",",",PUNCT,u--------,_,14,punct,_,_
19,ἀλλʼ,ἀλλʼ,VERB,v3saia---,Mood=Ind|Number=Sing|Person=3|Tense=Past|VerbForm=Fin|Voice=Act,34,advcl,_,_
20,οἵ,ὁ,PRON,p-p---mn-,Case=Nom|Gender=Masc|Number=Plur,32,nsubj,_,_
21,τε,τε,PART,g--------,_,32,advmod,_,_
22,τῶν,ὁ,DET,l-p---mg-,Case=Gen|Gender=Masc|Number=Plur,24,det,_,_
23,παραυτίκα,παραυτίκα,ADV,d--------,_,25,advmod,_,_
24,ἡδονῶν,ἡδονή,NOUN,n-p---mg-,Case=Gen|Gender=Masc|Number=Plur,25,obj,_,_
25,ἀπεχόμενοι,ἀπεχόμενοι,VERB,v-ppppmn-,Case=Nom|Gender=Masc|Number=Plur|Tense=Pres|VerbForm=Part|Voice=Pass,32,advcl,_,_
26,οὐχ,οὐ,ADV,d--------,_,32,advmod,_,_
27,ἵνα,ἵνα,SCONJ,c--------,_,29,mark,_,_
28,μηδέποτε,μηδέποτέ,ADV,d--------,_,29,advmod,_,_
29,εὐφρανθῶσι,εὐφρανθάω,VERB,v3ppsa---,Mood=Sub|Number=Plur|Person=3|Tense=Pres|VerbForm=Fin|Voice=Act,32,advcl,_,_
30,",",",",PUNCT,u--------,_,27,punct,_,_
31,τοῦτο,οὗτος,ADJ,a-s---na-,Case=Acc|Gender=Neut|Number=Sing,32,obj,_,_
32,πράττουσιν,πράττω,VERB,v3ppia---,Mood=Ind|Number=Plur|Person=3|Tense=Pres|VerbForm=Fin|Voice=Act,19,ccomp,_,_
33,",",",",PUNCT,u--------,_,34,punct,_,_
34,ἀλλʼ,ἀλλʼ,VERB,v3saia---,Mood=Ind|Number=Sing|Person=3|Tense=Past|VerbForm=Fin|Voice=Act,14,conj,_,_
35,ὡς,ὡς,SCONJ,c--------,_,47,mark,_,_
36,διὰ,διά,ADP,r--------,_,37,case,_,_
37,ταύτην,οὗτος,ADJ,a-s---fa-,Case=Acc|Gender=Fem|Number=Sing,39,nmod,_,_
38,τὴν,ὁ,DET,l-s---fa-,Case=Acc|Gender=Fem|Number=Sing,39,det,_,_
39,ἐγκράτειαν,ἐγκράτεια,NOUN,n-s---fa-,Case=Acc|Gender=Fem|Number=Sing,47,obj,_,_
40,πολλαπλάσια,πολλαπλάσιος,ADJ,a-p---na-,Case=Acc|Gender=Neut|Number=Plur,39,nmod,_,_
41,εἰς,εἰς,ADP,r--------,_,44,case,_,_
42,τὸν,ὁ,DET,l-s---ma-,Case=Acc|Gender=Masc|Number=Sing,44,det,_,_
43,ἔπειτα,ἔπειτα,ADV,d--------,_,45,advmod,_,_
44,χρόνον,χρόνος,NOUN,n-s---ma-,Case=Acc|Gender=Masc|Number=Sing,45,obl,_,_
45,εὐφρανούμενοι,εὐφρανέω,VERB,v-ppppmn-,Case=Nom|Gender=Masc|Number=Plur|Tense=Pres|VerbForm=Part|Voice=Pass,47,advcl,_,_
46,οὕτω,οὕτως,ADV,d--------,_,47,advmod,_,_
47,παρασκευάζονται,παρασκευάζω,VERB,v3ppie---,Mood=Ind|Number=Plur|Person=3|Tense=Pres|VerbForm=Fin|Voice=Mid,34,advcl,_,_
48,·,·,PUNCT,u--------,_,34,punct,_,_
1,οἵ,ὁ,PRON,p-p---mn-,Case=Nom|Gender=Masc|Number=Plur,12,nsubj,_,_
2,τε,τε,PART,g--------,_,3,advmod,_,_
3,λέγειν,λέγω,VERB,v--pna---,Tense=Pres|VerbForm=Inf|Voice=Act,4,xcomp,_,_
4,προθυμούμενοι,προθυμέω,VERB,v-pppemn-,Case=Nom|Gender=Masc|Number=Plur|Tense=Pres|VerbForm=Part|Voice=Mid,12,advcl,_,_
5,δεινοὶ,δεινός,ADJ,a-p---mn-,Case=Nom|Gender=Masc|Number=Plur,4,nsubj,_,_
6,γενέσθαι,γίγνομαι,VERB,v--anm---,Tense=Past|VerbForm=Inf|Voice=Mid,4,xcomp,_,_
7,οὐχ,οὐ,ADV,d--------,_,12,advmod,_,_
8,ἵνα,ἵνα,SCONJ,c--------,_,12,mark,_,_
9,εὖ,εὖ,ADV,d--------,_,10,advmod,_,_
10,λέγοντες,λέγω,VERB,v-pppamn-,Case=Nom|Gender=Masc|Number=Plur|Tense=Pres|VerbForm=Part|Voice=Act,12,advcl,_,_
11,μηδέποτε,μηδέποτέ,PART,g--------,_,12,advmod,_,_
12,παύσωνται,παύω,VERB,v3pasm---,Mood=Sub|Number=Plur|Person=3|Tense=Past|VerbForm=Fin|Voice=Mid,0,root,_,_
13,",",",",PUNCT,u--------,_,15,punct,_,_
14,τοῦτο,οὗτος,ADJ,a-s---na-,Case=Acc|Gender=Neut|Number=Sing,15,obj,_,_
15,μελετῶσιν,μελετάω,VERB,v3ppsa---,Mood=Sub|Number=Plur|Person=3|Tense=Pres|VerbForm=Fin|Voice=Act,12,advcl,_,_
16,",",",",PUNCT,u--------,_,12,punct,_,_
17,ἀλλʼ,ἀλλʼ,VERB,v3saia---,Mood=Ind|Number=Sing|Person=3|Tense=Past|VerbForm=Fin|Voice=Act,12,parataxis,_,_
18,ἐλπίζοντες,ἐλπίζω,VERB,v-pppamn-,Case=Nom|Gender=Masc|Number=Plur|Tense=Pres|VerbForm=Part|Voice=Act,17,advcl,_,_
19,τῷ,τίς,PRON,p-s---md-,Case=Dat|Gender=Masc|Number=Sing,20,obj,_,_
20,λέγειν,λέγω,VERB,v--pna---,Tense=Pres|VerbForm=Inf|Voice=Act,28,xcomp,_,_
21,εὖ,εὖ,ADV,d--------,_,22,advmod,_,_
22,πείθοντες,πείθω,VERB,v-pppamn-,Case=Nom|Gender=Masc|Number=Plur|Tense=Pres|VerbForm=Part|Voice=Act,28,advcl,_,_
23,ἀνθρώπους,ἄνθρωπος,NOUN,n-p---ma-,Case=Acc|Gender=Masc|Number=Plur,20,obj,_,_
24,πολλὰ,πολύς,ADJ,a-p---na-,Case=Acc|Gender=Neut|Number=Plur,23,amod,_,_
25,καὶ,καί,CCONJ,c--------,_,24,cc,_,_
26,μεγάλα,μέγας,ADJ,a-p---na-,Case=Acc|Gender=Neut|Number=Plur,27,advmod,_,_
27,ἀγαθὰ,ἀγαθός,ADJ,a-p---na-,Case=Acc|Gender=Neut|Number=Plur,24,conj,_,_
28,διαπράξεσθαι,διαπράξω,VERB,v--pne---,Tense=Pres|VerbForm=Inf|Voice=Mid,17,xcomp,_,_
29,·,·,PUNCT,u--------,_,12,punct,_,_
1,οἵ,ὁ,PRON,p-p---mn-,Case=Nom|Gender=Masc|Number=Plur,11,nsubj,_,_
2,τε,τε,PART,g--------,_,11,advmod,_,_
3,αὖ,αὖ,ADV,d--------,_,11,advmod,_,_
4,τὰ,ὁ,DET,l-p---na-,Case=Acc|Gender=Neut|Number=Plur,5,det,_,_
5,πολεμικὰ,πολεμικός,ADJ,a-p---na-,Case=Acc|Gender=Neut|Number=Plur,6,obj,_,_
6,ἀσκοῦντες,ἀσκέω,VERB,v-pppamn-,Case=Nom|Gender=Masc|Number=Plur|Tense=Pres|VerbForm=Part|Voice=Act,11,advcl,_,_
7,οὐχ,οὐ,ADV,d--------,_,8,advmod,_,_
8,ὡς,ὡς,ADV,d--------,_,9,advmod,_,_
9,μαχόμενοι,μάχομαι,VERB,v-pppemn-,Case=Nom|Gender=Masc|Number=Plur|Tense=Pres|VerbForm=Part|Voice=Mid,11,advcl,_,_
10,μηδέποτε,μηδέποτέ,PART,g--------,_,11,advmod,_,_
11,παύσωνται,παύω,VERB,v3pasm---,Mood=Sub|Number=Plur|Person=3|Tense=Past|VerbForm=Fin|Voice=Mid,0,root,_,_
12,",",",",PUNCT,u--------,_,11,punct,_,_
13,τοῦτʼ,τοῦτʼ,VERB,v3saia---,Mood=Ind|Number=Sing|Person=3|Tense=Past|VerbForm=Fin|Voice=Act,11,conj,_,_
14,ἐκπονοῦσιν,ἐκπονέω,NOUN,n-p---md-,Case=Dat|Gender=Masc|Number=Plur,13,obj,_,_
15,",",",",PUNCT,u--------,_,11,punct,_,_
16,ἀλλὰ,ἀλλά,CCONJ,c--------,_,11,cc,_,_
17,νομίζοντες,νομίζω,VERB,v-pppamn-,Case=Nom|Gender=Masc|Number=Plur|Tense=Pres|VerbForm=Part|Voice=Act,11,advcl,_,_
18,καὶ,καί,ADV,d--------,_,19,advmod,_,_
19,οὗτοι,οὗτος,PRON,p-p---mn-,Case=Nom|Gender=Masc|Number=Plur,17,nsubj,_,_
20,τὰ,ὁ,DET,l-p---na-,Case=Acc|Gender=Neut|Number=Plur,21,det,_,_
21,πολεμικὰ,πολεμικός,ADJ,a-p---na-,Case=Acc|Gender=Neut|Number=Plur,17,obj,_,_
22,ἀγαθοὶ,ἀγαθός,ADJ,a-p---mn-,Case=Nom|Gender=Masc|Number=Plur,23,xcomp,_,_
23,γενόμενοι,γίγνομαι,VERB,v-papmmn-,Case=Nom|Gender=Masc|Number=Plur|Tense=Past|VerbForm=Part|Voice=Mid,11,conj,_,_
24,πολὺν,πολύς,ADJ,a-s---ma-,Case=Acc|Gender=Masc|Number=Sing,26,nmod,_,_
25,μὲν,μέν,PART,g--------,_,26,advmod,_,_
26,ὄλβον,ὄλβος,NOUN,n-s---ma-,Case=Acc|Gender=Masc|Number=Sing,23,obj,_,_
27,",",",",PUNCT,u--------,_,26,punct,_,_
28,πολλὴν,πολύς,ADJ,a-s---fa-,Case=Acc|Gender=Fem|Number=Sing,30,nmod,_,_
29,δὲ,δέ,PART,g--------,_,26,cc,_,_
30,εὐδαιμονίαν,εὐδαιμονία,NOUN,n-s---fa-,Case=Acc|Gender=Fem|Number=Sing,26,conj,_,_
31,",",",",PUNCT,u--------,_,11,punct,_,_
32,μεγάλας,μέγας,ADJ,a-p---fa-,Case=Acc|Gender=Fem|Number=Plur,34,nmod,_,_
33,δὲ,δέ,PART,g--------,_,11,cc,_,_
34,τιμὰς,τιμή,NOUN,n-p---fa-,Case=Acc|Gender=Fem|Number=Plur,39,obj,_,_
35,καὶ,καί,CCONJ,c--------,_,34,advmod,_,_
36,ἑαυτοῖς,ἑαυτοῦ,PRON,p-p---md-,Case=Dat|Gender=Masc|Number=Plur,34,conj,_,_
37,καὶ,καί,CCONJ,c--------,_,34,cc,_,_
38,πόλει,πόλις,NOUN,n-s---fd-,Case=Dat|Gender=Fem|Number=Sing,34,conj,_,_
39,περιάψειν,περιάπω,VERB,v--pna---,Tense=Pres|VerbForm=Inf|Voice=Act,11,conj,_,_
40,.,.,PUNCT,u--------,_,11,punct,_,_
1,εἰ,εἰ,SCONJ,c--------,_,12,mark,_,_
2,δέ,δέ,PART,g--------,_,12,advmod,_,_
3,τινες,τις,PRON,p-p---mn-,Case=Nom|Gender=Masc|Number=Plur,5,nsubj,_,_
4,ταῦτα,οὗτος,ADJ,a-p---na-,Case=Acc|Gender=Neut|Number=Plur,5,obj,_,_
5,ἐκπονήσαντες,ἐκπονήσαντες,VERB,v-papamn-,Case=Nom|Gender=Masc|Number=Plur|Tense=Past|VerbForm=Part|Voice=Act,12,advcl,_,_
6,πρίν,πρίν,SCONJ,c--------,_,9,mark,_,_
7,τινα,τις,PRON,p-s---ma-,Case=Acc|Gender=Masc|Number=Sing,8,nmod,_,_
8,καρπὸν,καρπός,NOUN,n-s---ma-,Case=Acc|Gender=Masc|Number=Sing,9,obj,_,_
9,ἀπʼ,ἀπʼ,VERB,v3saia---,Mood=Ind|Number=Sing|Person=3|Tense=Past|VerbForm=Fin|Voice=Act,12,advcl,_,_
10,αὐτῶν,αὐτός,ADJ,a-p---mg-,Case=Gen|Gender=Masc|Number=Plur,8,nmod,_,_
11,κομίσασθαι,κομίζω,VERB,v--anm---,Tense=Past|VerbForm=Inf|Voice=Mid,12,xcomp,_,_
12,περιεῖδον,περιεῖδον,VERB,v1saia---,Mood=Ind|Number=Sing|Person=1|Tense=Past|VerbForm=Fin|Voice=Act,0,root,_,_
13,αὑτοὺς,ἑαυτοῦ,ADJ,a-p---ma-,Case=Acc|Gender=Masc|Number=Plur,16,xcomp,_,_
14,γήρᾳ,γῆρας,NOUN,n-s---nd-,Case=Dat|Gender=Neut|Number=Sing,15,advmod,_,_
15,ἀδυνάτους,ἀδυνάτης,ADJ,a-p---ma-,Case=Acc|Gender=Masc|Number=Plur,16,xcomp,_,_
16,γενομένους,γίγνομαι,VERB,v-papmma-,Case=Acc|Gender=Masc|Number=Plur|Tense=Past|VerbForm=Part|Voice=Mid,20,advcl,_,_
17,",",",",PUNCT,u--------,_,12,punct,_,_
18,ὅμοιον,ὅμοιος,ADJ,a-s---na-,Case=Acc|Gender=Neut|Number=Sing,21,advmod,_,_
19,ἔμοιγε,ἐγώ,PRON,p-s---md-,Case=Dat|Gender=Masc|Number=Sing,20,iobj,_,_
20,δοκοῦσι,δοκέω,VERB,v3ppia---,Mood=Ind|Number=Plur|Person=3|Tense=Pres|VerbForm=Fin|Voice=Act,51,ccomp,_,_
21,πεπονθέναι,πάσχω,VERB,v--rna---,Aspect=Perf|Tense=Past|VerbForm=Inf|Voice=Act,20,ccomp,_,_
22,οἷον,οἷος,ADJ,a-s---na-,Case=Acc|Gender=Neut|Number=Sing,49,advmod,_,_
23,εἴ,εἰ,SCONJ,c--------,_,41,mark,_,_
24,τις,τις,PRON,p-s---mn-,Case=Nom|Gender=Masc|Number=Sing,25,nmod,_,_
25,γεωργὸς,γεωργός,NOUN,n-s---mn-,Case=Nom|Gender=Masc|Number=Sing,41,nsubj,_,_
26,ἀγαθὸς,ἀγαθός,ADJ,a-s---mn-,Case=Nom|Gender=Masc|Number=Sing,25,nmod,_,_
27,προθυμηθεὶς,προθυμέω,VERB,v-sappmn-,Case=Nom|Gender=Masc|Number=Sing|Tense=Past|VerbForm=Part|Voice=Pass,25,nmod,_,_
28,γενέσθαι,γίγνομαι,VERB,v--anm---,Tense=Past|VerbForm=Inf|Voice=Mid,27,xcomp,_,_
29,καὶ,καί,CCONJ,c--------,_,27,cc,_,_
30,εὖ,εὖ,ADV,d--------,_,31,advmod,_,_
31,σπείρων,σπεείρω,VERB,v-sppamn-,Case=Nom|Gender=Masc|Number=Sing|Tense=Pres|VerbForm=Part|Voice=Act,27,conj,_,_
32,καὶ,καί,CCONJ,c--------,_,27,cc,_,_
33,εὖ,εὖ,ADV,d--------,_,34,advmod,_,_
34,φυτεύων,φυτεύω,VERB,v-sppamn-,Case=Nom|Gender=Masc|Number=Sing|Tense=Pres|VerbForm=Part|Voice=Act,27,conj,_,_
35,",",",",PUNCT,u--------,_,36,punct,_,_
36,ὁπότε,ὁπότε,SCONJ,c--------,_,39,mark,_,_
37,καρποῦσθαι,καρποῦμαι,VERB,v--anm---,Tense=Past|VerbForm=Inf|Voice=Mid,39,xcomp,_,_
38,ταῦτα,οὗτος,ADJ,a-p---na-,Case=Acc|Gender=Neut|Number=Plur,37,obj,_,_
39,δέοι,δέω,VERB,v3spoa---,Mood=Opt|Number=Sing|Person=3|Tense=Pres|VerbForm=Fin|Voice=Act,41,advcl,_,_
40,",",",",PUNCT,u--------,_,36,punct,_,_
41,ἐῴη,ἐάω,VERB,v3spoa---,Mood=Opt|Number=Sing|Person=3|Tense=Pres|VerbForm=Fin|Voice=Act,49,advcl,_,_
42,τὸν,ὁ,DET,l-s---ma-,Case=Acc|Gender=Masc|Number=Sing,43,det,_,_
43,καρπὸν,καρπός,NOUN,n-s---ma-,Case=Acc|Gender=Masc|Number=Sing,49,obj,_,_
44,ἀσυγκόμιστον,ἀσυγκόμιστος,ADJ,a-s---ma-,Case=Acc|Gender=Masc|Number=Sing,43,nmod,_,_
45,εἰς,εἰς,ADP,r--------,_,47,case,_,_
46,τὴν,ὁ,DET,l-s---fa-,Case=Acc|Gender=Fem|Number=Sing,47,det,_,_
47,γῆν,γῆ,NOUN,n-s---fa-,Case=Acc|Gender=Fem|Number=Sing,49,obl,_,_
48,πάλιν,πάλιν,ADV,d--------,_,49,advmod,_,_
49,καταρρεῖν,καταρρέω,VERB,v--pna---,Tense=Pres|VerbForm=Inf|Voice=Act,21,xcomp,_,_
50,.,.,PUNCT,u--------,_,12,punct,_,_
51,[0],[0],VERB,v3saia---,Mood=Ind|Number=Sing|Person=3|Tense=Past|VerbForm=Fin|Voice=Act,12,conj,_,_
1,καὶ,καί,ADV,d--------,_,2,advmod,_,_
2,εἴ,εἰ,SCONJ,c--------,_,12,mark,_,_
3,τίς,τις,PRON,p-s---mn-,Case=Nom|Gender=Masc|Number=Sing,9,nmod,_,_
4,γε,γε,PART,g--------,_,3,advmod,_,_
5,ἀσκητὴς,ἀσκητής,ADJ,a-s---mn-,Case=Nom|Gender=Masc|Number=Sing,3,xcomp,_,_
6,πολλὰ,πολύς,ADJ,a-p---na-,Case=Acc|Gender=Neut|Number=Plur,7,obj,_,_
7,πονήσας,πονέω,VERB,v-sapamn-,Case=Nom|Gender=Masc|Number=Sing|Tense=Past|VerbForm=Part|Voice=Act,12,advcl,_,_
8,καὶ,καί,CCONJ,c--------,_,3,cc,_,_
9,ἀξιόνικος,ἀξιόνικος,NOUN,n-s---mn-,Case=Nom|Gender=Masc|Number=Sing,12,nsubj,_,_
10,γενόμενος,γίγνομαι,VERB,v-sapmmn-,Case=Nom|Gender=Masc|Number=Sing|Tense=Past|VerbForm=Part|Voice=Mid,12,advcl,_,_
11,ἀναγώνιστος,ἀναγώνιστος,ADJ,a-s---mn-,Case=Nom|Gender=Masc|Number=Sing,10,xcomp,_,_
12,διατελέσειεν,διατελέζω,VERB,v3saoa---,Mood=Opt|Number=Sing|Person=3|Tense=Past|VerbForm=Fin|Voice=Act,14,advcl,_,_
13,",",",",PUNCT,u--------,_,2,punct,_,_
14,οὐδʼ,οὐδʼ,VERB,v3saia---,Mood=Ind|Number=Sing|Person=3|Tense=Past|VerbForm=Fin|Voice=Act,0,root,_,_
15,ἂν,ἄν,PART,g--------,_,14,advmod,_,_
16,οὗτός,οὗτος,ADJ,a-s---mn-,Case=Nom|Gender=Masc|Number=Sing,18,nsubj,_,_
17,μοι,ἐγώ,PRON,p-s---md-,Case=Dat|Gender=Masc|Number=Sing,18,iobj,_,_
18,δοκεῖ,δοκέω,VERB,v3spia---,Mood=Ind|Number=Sing|Person=3|Tense=Pres|VerbForm=Fin|Voice=Act,14,ccomp,_,_
19,δικαίως,δίκαιος,ADV,d--------,_,20,advmod,_,_
20,ἀναίτιος,ἀναίτιος,ADJ,a-s---mn-,Case=Nom|Gender=Masc|Number=Sing,18,obj,_,_
21,εἶναι,εἰμί,VERB,v--pna---,Tense=Pres|VerbForm=Inf|Voice=Act,20,cop,_,_
22,ἀφροσύνης,ἀφροσύνη,NOUN,n-s---fg-,Case=Gen|Gender=Fem|Number=Sing,20,nmod,_,_
23,.,.,PUNCT,u--------,_,14,punct,_,_
1,ἀλλʼ,ἀλλʼ,VERB,v3saia---,Mood=Ind|Number=Sing|Person=3|Tense=Past|VerbForm=Fin|Voice=Act,23,advcl,_,_
2,ἡμεῖς,ἐγώ,PRON,p-p---mn-,Case=Nom|Gender=Masc|Number=Plur,1,nsubj,_,_
3,",",",",PUNCT,u--------,_,5,punct,_,_
4,ὦ,ὦ,INTJ,i--------,_,5,advmod,_,_
5,ἄνδρες,ἀνήρ,NOUN,n-p---mv-,Case=Voc|Gender=Masc|Number=Plur,1,vocative,_,_
6,",",",",PUNCT,u--------,_,5,punct,_,_
7,μὴ,μή,CCONJ,c--------,_,8,advmod,_,_
8,πάθωμεν,πάθω,VERB,v1ppsa---,Mood=Sub|Number=Plur|Person=1|Tense=Pres|VerbForm=Fin|Voice=Act,1,ccomp,_,_
9,ταῦτα,οὗτος,ADJ,a-p---na-,Case=Acc|Gender=Neut|Number=Plur,8,obj,_,_
10,",",",",PUNCT,u--------,_,23,punct,_,_
11,ἀλλʼ,ἀλλʼ,VERB,v3saia---,Mood=Ind|Number=Sing|Person=3|Tense=Past|VerbForm=Fin|Voice=Act,23,advcl,_,_
12,ἐπείπερ,ἐπείπερ,SCONJ,c--------,_,13,mark,_,_
13,σύνισμεν,σύνιιμι,VERB,v--pna---,Tense=Pres|VerbForm=Inf|Voice=Act,23,advcl,_,_
14,ἡμῖν,ἐγώ,PRON,p-p---md-,Case=Dat|Gender=Masc|Number=Plur,13,obj,_,_
15,αὐτοῖς,αὐτός,PRON,p-p---md-,Case=Dat|Gender=Masc|Number=Plur,18,obj,_,_
16,ἀπὸ,ἀπό,ADP,r--------,_,17,case,_,_
17,παίδων,παῖς,NOUN,n-p---mg-,Case=Gen|Gender=Masc|Number=Plur,18,obl,_,_
18,ἀρξάμενοι,ἄρχω,VERB,v-papmmn-,Case=Nom|Gender=Masc|Number=Plur|Tense=Past|VerbForm=Part|Voice=Mid,13,advcl,_,_
19,ἀσκηταὶ,ἀσκητός,ADJ,a-p---fn-,Case=Nom|Gender=Fem|Number=Plur,23,nsubj,_,_
20,ὄντες,εἰμί,VERB,v-pppamn-,Case=Nom|Gender=Masc|Number=Plur|Tense=Pres|VerbForm=Part|Voice=Act,19,cop,_,_
21,τῶν,ὁ,DET,l-p---mg-,Case=Gen|Gender=Masc|Number=Plur,22,det,_,_
22,καλῶν,καλός,ADJ,a-p---ng-,Case=Gen|Gender=Neut|Number=Plur,23,advmod,_,_
23,κ-,κ-,VERB,v3saia---,Mood=Ind|Number=Sing|Person=3|Tense=Past|VerbForm=Fin|Voice=Act,0,root,_,_
24,ἀγαθῶν,ἀγαθός,ADJ,a-p---ng-,Case=Gen|Gender=Neut|Number=Plur,25,nmod,_,_
25,ἔργων,ἔργον,NOUN,n-p---ng-,Case=Gen|Gender=Neut|Number=Plur,23,obj,_,_
26,",",",",PUNCT,u--------,_,23,punct,_,_
27,ἴωμεν,εἶμι,VERB,v1ppsa---,Mood=Sub|Number=Plur|Person=1|Tense=Pres|VerbForm=Fin|Voice=Act,23,conj,_,_
28,ἐπὶ,ἐπί,ADP,r--------,_,30,case,_,_
29,τοὺς,ὁ,DET,l-p---ma-,Case=Acc|Gender=Masc|Number=Plur,30,det,_,_
30,πολεμίους,πολέμιος,ADJ,a-p---ma-,Case=Acc|Gender=Masc|Number=Plur,27,obl,_,_
31,",",",",PUNCT,u--------,_,35,punct,_,_
32,οὓς,ὅς,PRON,p-p---ma-,Case=Acc|Gender=Masc|Number=Plur,35,obj,_,_
33,ἐγὼ,ἐγώ,PRON,p-s---mn-,Case=Nom|Gender=Masc|Number=Sing,35,nsubj,_,_
34,σαφῶς,σαφής,ADV,d--------,_,35,advmod,_,_
35,ἐπίσταμαι,ἐπίσταμαι,VERB,v1spie---,Mood=Ind|Number=Sing|Person=1|Tense=Pres|VerbForm=Fin|Voice=Mid,27,acl,_,_
36,ἰδιώτας,ἰδιώτης,NOUN,n-p---ma-,Case=Acc|Gender=Masc|Number=Plur,35,obj,_,_
37,ὄντας,εἰμί,VERB,v-pppama-,Case=Acc|Gender=Masc|Number=Plur|Tense=Pres|VerbForm=Part|Voice=Act,32,nmod,_,_
38,ὡς,ὡς,ADV,d--------,_,39,advmod,_,_
39,πρὸς,πρός,ADP,r--------,_,40,case,_,_
40,ἡμᾶς,ἐγώ,PRON,p-p---ma-,Case=Acc|Gender=Masc|Number=Plur,41,obl,_,_
41,ἀγωνίζεσθαι,ἀγωνίζομαι,VERB,v--pne---,Tense=Pres|VerbForm=Inf|Voice=Mid,37,xcomp,_,_
42,.,.,PUNCT,u--------,_,23,punct,_,_
1,οὐ,οὐ,ADV,d--------,_,5,advmod,_,_
2,γάρ,γάρ,PART,g--------,_,5,advmod,_,_
3,πω,πω,PART,g--------,_,5,advmod,_,_
4,οὗτοι,οὗτος,PRON,p-p---mn-,Case=Nom|Gender=Masc|Number=Plur,5,nsubj,_,_
5,ἱκανοί,ἱκανός,ADJ,a-p---mn-,Case=Nom|Gender=Masc|Number=Plur,0,root,_,_
6,εἰσιν,εἰμί,VERB,v3ppia---,Mood=Ind|Number=Plur|Person=3|Tense=Pres|VerbForm=Fin|Voice=Act,5,cop,_,_
7,ἀγωνισταί,ἀγωνιστής,NOUN,n-p---mn-,Case=Nom|Gender=Masc|Number=Plur,5,nsubj,_,_
8,",",",",PUNCT,u--------,_,11,punct,_,_
9,οἳ,ὅς,PRON,p-p---mn-,Case=Nom|Gender=Masc|Number=Plur,11,nsubj,_,_
10,ἂν,ἄν,PART,g--------,_,11,advmod,_,_
11,τοξεύωσι,τοξεύω,VERB,v3ppsa---,Mood=Sub|Number=Plur|Person=3|Tense=Pres|VerbForm=Fin|Voice=Act,7,acl,_,_
12,καὶ,καί,CCONJ,c--------,_,11,advmod,_,_
13,ἀκοντίζωσι,ἀκοντίζω,VERB,v3pasa---,Mood=Sub|Number=Plur|Person=3|Tense=Past|VerbForm=Fin|Voice=Act,11,conj,_,_
14,καὶ,καί,CCONJ,c--------,_,11,cc,_,_
15,ἱππεύωσιν,ἱππεύω,VERB,v3ppsa---,Mood=Sub|Number=Plur|Person=3|Tense=Pres|VerbForm=Fin|Voice=Act,11,conj,_,_
16,ἐπιστημόνως,ἔπιστημων,ADV,d--------,_,15,advmod,_,_
17,",",",",PUNCT,u--------,_,5,punct,_,_
18,ἢν,ἐάν,SCONJ,c--------,_,22,mark,_,_
19,δέ,δέ,PART,g--------,_,5,cc,_,_
20,που,πού,ADV,d--------,_,22,advmod,_,_
21,πονῆσαι,πονέω,VERB,v--ana---,Tense=Past|VerbForm=Inf|Voice=Act,22,xcomp,_,_
22,δέῃ,δέω,VERB,v2spse---,Mood=Sub|Number=Sing|Person=2|Tense=Pres|VerbForm=Fin|Voice=Mid,25,advcl,_,_
23,",",",",PUNCT,u--------,_,18,punct,_,_
24,τούτῳ,οὗτος,ADJ,a-s---md-,Case=Dat|Gender=Masc|Number=Sing,25,obj,_,_
25,λείπωνται,λείπω,VERB,v3ppip---,Mood=Ind|Number=Plur|Person=3|Tense=Pres|VerbForm=Fin|Voice=Pass,27,advcl,_,_
26,",",",",PUNCT,u--------,_,27,punct,_,_
27,ἀλλʼ,ἀλλʼ,VERB,v3saia---,Mood=Ind|Number=Sing|Person=3|Tense=Past|VerbForm=Fin|Voice=Act,5,conj,_,_
28,οὗτοι,οὗτος,ADJ,a-p---mn-,Case=Nom|Gender=Masc|Number=Plur,29,nmod,_,_
29,ἰδιῶταί,ἰδιῶὁ,NOUN,n-p---mn-,Case=Nom|Gender=Masc|Number=Plur,27,nsubj,_,_
30,εἰσι,εἰμί,VERB,v3ppia---,Mood=Ind|Number=Plur|Person=3|Tense=Pres|VerbForm=Fin|Voice=Act,33,cop,_,_
31,κατὰ,κατά,ADP,r--------,_,33,case,_,_
32,τοὺς,ὁ,DET,l-p---ma-,Case=Acc|Gender=Masc|Number=Plur,33,det,_,_
33,πόνους,πόνος,NOUN,n-p---ma-,Case=Acc|Gender=Masc|Number=Plur,27,obl,_,_
34,·,·,PUNCT,u--------,_,27,punct,_,_
1,οὐ,οὐ,ADV,d--------,_,7,advmod,_,_
2,-δέ,-δέ,ADV,d--------,_,7,advmod,_,_
3,γε,γε,PART,g--------,_,2,advmod,_,_
4,οἵτινες,ὅστις,NOUN,n-p---fn-,Case=Nom|Gender=Fem|Number=Plur,7,nsubj,_,_
5,ἀγρυπνῆσαι,ἀγρυπνέω,ADJ,a-p---fn-,Case=Nom|Gender=Fem|Number=Plur,4,nmod,_,_
6,δέον,δεῖ,VERB,v-sppana-,Case=Acc|Gender=Neut|Number=Sing|Tense=Pres|VerbForm=Part|Voice=Act,7,xcomp,_,_
7,ἡττῶνται,ἡττῶμαι,VERB,v3ppip---,Mood=Ind|Number=Plur|Person=3|Tense=Pres|VerbForm=Fin|Voice=Pass,0,root,_,_
8,τούτου,οὗτος,ADJ,a-s---mg-,Case=Gen|Gender=Masc|Number=Sing,6,nmod,_,_
9,",",",",PUNCT,u--------,_,7,punct,_,_
10,ἀλλὰ,ἀλλά,CCONJ,c--------,_,7,cc,_,_
11,καὶ,καί,ADV,d--------,_,12,advmod,_,_
12,οὗτοι,οὗτος,PRON,p-p---mn-,Case=Nom|Gender=Masc|Number=Plur,13,nsubj,_,_
13,ἰδιῶται,ἰδιώτης,VERB,v3spie---,Mood=Ind|Number=Sing|Person=3|Tense=Pres|VerbForm=Fin|Voice=Mid,7,conj,_,_
14,κατὰ,κατά,ADP,r--------,_,16,case,_,_
15,τὸν,ὁ,DET,l-s---ma-,Case=Acc|Gender=Masc|Number=Sing,16,det,_,_
16,ὕπνον,ὕπνος,NOUN,n-s---ma-,Case=Acc|Gender=Masc|Number=Sing,13,obl,_,_
17,·,·,PUNCT,u--------,_,7,punct,_,_
18,εἰσί,εἰμί,VERB,v3ppia---,Mood=Ind|Number=Plur|Person=3|Tense=Pres|VerbForm=Fin|Voice=Act,7,cop,_,_
1,οὐ,οὐ,ADV,d--------,_,7,advmod,_,_
2,-δέ,-δε,ADV,d--------,_,7,advmod,_,_
3,γε,γε,PART,g--------,_,2,advmod,_,_
4,οἱ,ὁ,PRON,p-s---md-,Case=Dat|Gender=Masc|Number=Sing,7,obj,_,_
5,ταῦτα,οὗτος,ADJ,a-p---nn-,Case=Nom|Gender=Neut|Number=Plur,7,nsubj,_,_
6,μὲν,μέν,PART,g--------,_,7,advmod,_,_
7,ἱκανοί,ἱκανός,VERB,v-papmmn-,Case=Nom|Gender=Masc|Number=Plur|Tense=Past|VerbForm=Part|Voice=Mid,12,advcl,_,_
8,",",",",PUNCT,u--------,_,7,punct,_,_
9,ἀπαίδευτοι,ἀπαίδευτος,ADJ,a-p---mn-,Case=Nom|Gender=Masc|Number=Plur,17,nsubj,_,_
10,δὲ,δέ,PART,g--------,_,7,cc,_,_
11,ὡς,ὡς,ADV,d--------,_,12,advmod,_,_
12,χρὴ,χρή,VERB,v3spia---,Mood=Ind|Number=Sing|Person=3|Tense=Pres|VerbForm=Fin|Voice=Act,17,advcl,_,_
13,καὶ,καί,CCONJ,c--------,_,14,advmod,_,_
14,συμμάχοις,σύμμαχος,ADJ,a-p---md-,Case=Dat|Gender=Masc|Number=Plur,17,advmod,_,_
15,καὶ,καί,CCONJ,c--------,_,14,cc,_,_
16,πολεμίοις,πολέμιος,ADJ,a-p---md-,Case=Dat|Gender=Masc|Number=Plur,14,conj,_,_
17,χρῆσθαι,χράω,VERB,v--pne---,Tense=Pres|VerbForm=Inf|Voice=Mid,30,csubj,_,_
18,",",",",PUNCT,u--------,_,17,punct,_,_
19,ἀλλὰ,ἀλλά,CCONJ,c--------,_,17,cc,_,_
20,καὶ,καί,ADV,d--------,_,21,advmod,_,_
21,οὗτοι,οὗτος,PRON,p-p---mn-,Case=Nom|Gender=Masc|Number=Plur,22,nsubj,_,_
22,δῆλον,δῆλος,VERB,v3piia---,Aspect=Imp|Mood=Ind|Number=Plur|Person=3|Tense=Past|VerbForm=Fin|Voice=Act,17,conj,_,_
23,ὡς,ὡς,ADV,d--------,_,28,advmod,_,_
24,τῶν,ὁ,DET,l-p---mg-,Case=Gen|Gender=Masc|Number=Plur,26,det,_,_
25,μεγίστων,μεγῖστος,ADJ,a-p---mg-,Case=Gen|Gender=Masc|Number=Plur,26,nmod,_,_
26,παιδευμάτων,παιδευμάτων,NOUN,n-p---mg-,Case=Gen|Gender=Masc|Number=Plur,27,nmod,_,_
27,ἀπείρως,ἀπείρως,ADJ,a-p---ma-,Case=Acc|Gender=Masc|Number=Plur,28,nsubj,_,_
28,ἔχουσιν,ἔχω,VERB,v3ppia---,Mood=Ind|Number=Plur|Person=3|Tense=Pres|VerbForm=Fin|Voice=Act,22,ccomp,_,_
29,.,.,PUNCT,u--------,_,17,punct,_,_
30,εἰσί,εἰμί,VERB,v3ppia---,Mood=Ind|Number=Plur|Person=3|Tense=Pres|VerbForm=Fin|Voice=Act,31,ccomp,_,_
31,ἐστιν,εἰμί,VERB,v3spia---,Mood=Ind|Number=Sing|Person=3|Tense=Pres|VerbForm=Fin|Voice=Act,0,root,_,_
1,ὑμεῖς,σύ,PRON,p-p----n-,Case=Nom|Number=Plur,12,nsubj,_,_
2,δὲ,δέ,PART,g--------,_,12,advmod,_,_
3,νυκτὶ,νύξ,NOUN,n-s---fd-,Case=Dat|Gender=Fem|Number=Sing,12,obj,_,_
4,μὲν,μέν,PART,g--------,_,12,advmod,_,_
5,δήπου,δήπου,PART,g--------,_,10,advmod,_,_
6,ὅσαπερ,ὅσσαπερ,PRON,p-s---mn-,Case=Nom|Gender=Masc|Number=Sing,10,nsubj,_,_
7,οἱ,ὁ,PRON,p-s---md-,Case=Dat|Gender=Masc|Number=Sing,9,nmod,_,_
8,ἄλλοι,ἄλλος,ADJ,a-p---mn-,Case=Nom|Gender=Masc|Number=Plur,9,nmod,_,_
9,ἡμέρᾳ,ἡμέρα,NOUN,n-s---fd-,Case=Dat|Gender=Fem|Number=Sing,10,advmod,_,_
10,δύναισθʼ,δύναισθʼ,VERB,v3saia---,Mood=Ind|Number=Sing|Person=3|Tense=Past|VerbForm=Fin|Voice=Act,0,root,_,_
11,ἂν,ἄν,PART,g--------,_,10,advmod,_,_
12,χρῆσθαι,χράω,VERB,v--pne---,Tense=Pres|VerbForm=Inf|Voice=Mid,10,ccomp,_,_
13,",",",",PUNCT,u--------,_,10,punct,_,_
14,πόνους,πόνος,NOUN,n-s---mg-,Case=Gen|Gender=Masc|Number=Sing,17,obj,_,_
15,δὲ,δέ,PART,g--------,_,10,cc,_,_
16,τοῦ,ὁ,PRON,p-s---mg-,Case=Gen|Gender=Masc|Number=Sing,14,det,_,_
17,ζῆν,ζάω,VERB,v--pna---,Tense=Pres|VerbForm=Inf|Voice=Act,20,xcomp,_,_
18,ἡδέως,ἡδύς,ADV,d--------,_,20,advmod,_,_
19,ἡγεμόνας,ἡγεμών,NOUN,n-p---ma-,Case=Acc|Gender=Masc|Number=Plur,20,obj,_,_
20,νομίζετε,νομίζω,VERB,v2ppma---,Mood=Imp|Number=Plur|Person=2|Tense=Pres|VerbForm=Fin|Voice=Act,10,conj,_,_
21,",",",",PUNCT,u--------,_,10,punct,_,_
22,λιμῷ,λιμός,NOUN,n-s---md-,Case=Dat|Gender=Masc|Number=Sing,26,iobj,_,_
23,δὲ,δέ,PART,g--------,_,10,cc,_,_
24,ὅσαπερ,ὅσσαπερ,PRON,p-s---mn-,Case=Nom|Gender=Masc|Number=Sing,26,nsubj,_,_
25,ὄψῳ,ὄψον,NOUN,n-s---md-,Case=Dat|Gender=Masc|Number=Sing,26,obj,_,_
26,διαχρῆσθε,διαχρῆσθε,VERB,v2pamm---,Mood=Imp|Number=Plur|Person=2|Tense=Past|VerbForm=Fin|Voice=Mid,10,conj,_,_
27,",",",",PUNCT,u--------,_,10,punct,_,_
28,ὑδροποσίαν,ὑδροποσία,NOUN,n-s---fa-,Case=Acc|Gender=Fem|Number=Sing,33,obj,_,_
29,δὲ,δέ,PART,g--------,_,10,cc,_,_
30,ῥᾷον,ῥᾷω,ADJ,a-s---fa-,Case=Acc|Gender=Fem|Number=Sing,28,nmod,_,_
31,τῶν,ὁ,DET,l-p---mg-,Case=Gen|Gender=Masc|Number=Plur,32,det,_,_
32,λεόντων,λεόντων,NOUN,n-p---mg-,Case=Gen|Gender=Masc|Number=Plur,28,nmod,_,_
33,φέρετε,φέρω,VERB,v2ppma---,Mood=Imp|Number=Plur|Person=2|Tense=Pres|VerbForm=Fin|Voice=Act,10,conj,_,_
34,",",",",PUNCT,u--------,_,10,punct,_,_
35,κάλλιστον,καλός,ADJ,a-s---mas,Case=Acc|Degree=Sup|Gender=Masc|Number=Sing,10,obj,_,_
36,δὲ,δέ,PART,g--------,_,35,advmod,_,_
37,πάντων,πᾶς,ADJ,a-p---mg-,Case=Gen|Gender=Masc|Number=Plur,35,nmod,_,_
38,καὶ,καί,CCONJ,c--------,_,35,cc,_,_
39,πολεμικώτατον,πολεμικός,ADJ,a-s---na-,Case=Acc|Gender=Neut|Number=Sing,40,nmod,_,_
40,κτῆμα,κτῆμα,NOUN,n-s---na-,Case=Acc|Gender=Neut|Number=Sing,44,obj,_,_
41,εἰς,εἰς,ADP,r--------,_,43,case,_,_
42,τὰς,ὁ,DET,l-p---fa-,Case=Acc|Gender=Fem|Number=Plur,43,det,_,_
43,ψυχὰς,ψυχή,NOUN,n-p---fa-,Case=Acc|Gender=Fem|Number=Plur,44,obl,_,_
44,συγκεκόμισθε,συγκεκόμμαι,VERB,v3saia---,Mood=Ind|Number=Sing|Person=3|Tense=Past|VerbForm=Fin|Voice=Act,35,conj,_,_
45,·,·,PUNCT,u--------,_,10,punct,_,_
46,[0],[0],VERB,v3saia---,Mood=Ind|Number=Sing|Person=3|Tense=Past|VerbForm=Fin|Voice=Act,47,advcl,_,_
47,[1],[1],VERB,v3saia---,Mood=Ind|Number=Sing|Person=3|Tense=Past|VerbForm=Fin|Voice=Act,10,conj,_,_
1,ἐπαινούμενοι,ἐπαινούμενοι,VERB,v-pppemn-,Case=Nom|Gender=Masc|Number=Plur|Tense=Pres|VerbForm=Part|Voice=Mid,10,advcl,_,_
2,γὰρ,γάρ,PART,g--------,_,1,advmod,_,_
3,μᾶλλον,μᾶλλον,ADV,d--------,_,8,advmod,_,_
4,ἢ,ἤ,CCONJ,c--------,_,3,advmod,_,_
5,τοῖς,ὁ,DET,l-p---md-,Case=Dat|Gender=Masc|Number=Plur,6,det,_,_
6,ἄλλοις,ἄλλος,ADJ,a-p---md-,Case=Dat|Gender=Masc|Number=Plur,3,conj,_,_
7,ἅπασι,ἅπας,ADJ,a-p---md-,Case=Dat|Gender=Masc|Number=Plur,6,nmod,_,_
8,χαίρετε,χαίρω,VERB,v2ppma---,Mood=Imp|Number=Plur|Person=2|Tense=Pres|VerbForm=Fin|Voice=Act,1,ccomp,_,_
9,.,.,PUNCT,u--------,_,1,punct,_,_
10,[0],[0],VERB,v3saia---,Mood=Ind|Number=Sing|Person=3|Tense=Past|VerbForm=Fin|Voice=Act,0,root,_,_
1,τοὺς,ὁ,PRON,p-p---ma-,Case=Acc|Gender=Masc|Number=Plur,2,obj,_,_
2,δʼ,δʼ,VERB,v3saia---,Mood=Ind|Number=Sing|Person=3|Tense=Past|VerbForm=Fin|Voice=Act,0,root,_,_
3,ἐπαίνου,ἔπαινος,NOUN,n-s---mg-,Case=Gen|Gender=Masc|Number=Sing,4,obj,_,_
4,ἐραστὰς,ἐρασταίνω,VERB,v-sapamn-,Case=Nom|Gender=Masc|Number=Sing|Tense=Past|VerbForm=Part|Voice=Act,2,advcl,_,_
5,ἀνάγκη,ἀνάγκη,NOUN,n-p---nn-,Case=Nom|Gender=Neut|Number=Plur,2,nsubj,_,_
6,διὰ,διά,ADP,r--------,_,7,case,_,_
7,τοῦτο,οὗτος,ADJ,a-s---na-,Case=Acc|Gender=Neut|Number=Sing,2,obl,_,_
8,πάντα,πᾶς,ADJ,a-s---ma-,Case=Acc|Gender=Masc|Number=Sing,7,nmod,_,_
9,μὲν,μέν,PART,g--------,_,2,advmod,_,_
10,πόνον,πόνος,NOUN,n-s---ma-,Case=Acc|Gender=Masc|Number=Sing,2,obj,_,_
11,",",",",PUNCT,u--------,_,2,punct,_,_
12,πάντα,πᾶς,ADJ,a-s---ma-,Case=Acc|Gender=Masc|Number=Sing,14,nmod,_,_
13,δὲ,δέ,PART,g--------,_,2,cc,_,_
14,κίνδυνον,κίνδυνος,NOUN,n-s---ma-,Case=Acc|Gender=Masc|Number=Sing,16,obj,_,_
15,ἡδέως,ἡδύς,ADV,d--------,_,16,advmod,_,_
16,ὑποδύεσθαι,ὑποδύομαι,VERB,v--pne---,Tense=Pres|VerbForm=Inf|Voice=Mid,2,conj,_,_
17,.,.,PUNCT,u--------,_,2,punct,_,_
18,ἐστιν,εἰμί,VERB,v3spia---,Mood=Ind|Number=Sing|Person=3|Tense=Pres|VerbForm=Fin|Voice=Act,2,cop,_,_
1,εἰ,εἰ,SCONJ,c--------,_,12,mark,_,_
2,δὲ,δέ,PART,g--------,_,12,advmod,_,_
3,ταῦτα,οὗτος,ADJ,a-p---na-,Case=Acc|Gender=Neut|Number=Plur,5,obj,_,_
4,ἐγὼ,ἐγώ,PRON,p-s---mn-,Case=Nom|Gender=Masc|Number=Sing,5,nsubj,_,_
5,λέγω,λέγω,VERB,v1spia---,Mood=Ind|Number=Sing|Person=1|Tense=Pres|VerbForm=Fin|Voice=Act,12,advcl,_,_
6,περὶ,περί,ADP,r--------,_,7,case,_,_
7,ὑμῶν,σύ,PRON,p-p---fg-,Case=Gen|Gender=Fem|Number=Plur,9,obl,_,_
8,ἄλλῃ,ἄλλῃ,ADV,d--------,_,9,obj,_,_
9,γιγνώσκων,γιγνώσκω,VERB,v-sppamn-,Case=Nom|Gender=Masc|Number=Sing|Tense=Pres|VerbForm=Part|Voice=Act,12,advcl,_,_
10,",",",",PUNCT,u--------,_,12,punct,_,_
11,ἐμαυτὸν,ἐμαυτοῦ,PRON,p-s---ma-,Case=Acc|Gender=Masc|Number=Sing,12,obj,_,_
12,ἐξαπατῶ,ἐξαπατάω,VERB,v1spia---,Mood=Ind|Number=Sing|Person=1|Tense=Pres|VerbForm=Fin|Voice=Act,0,root,_,_
13,.,.,PUNCT,u--------,_,12,punct,_,_
1,ὅ,ὅς,PRON,p-s---nn-,Case=Nom|Gender=Neut|Number=Sing,6,nsubj,_,_
2,τι,τις,PRON,p-s---nn-,Case=Nom|Gender=Neut|Number=Sing,1,nmod,_,_
3,γὰρ,γάρ,PART,g--------,_,6,advmod,_,_
4,μὴ,μή,ADV,d--------,_,6,advmod,_,_
5,τοιοῦτον,τοιοῦτος,ADJ,a-s---na-,Case=Acc|Gender=Neut|Number=Sing,6,obj,_,_
6,ἀποβήσεται,ἀποβαίνω,VERB,v3sasm---,Mood=Sub|Number=Sing|Person=3|Tense=Past|VerbForm=Fin|Voice=Mid,0,root,_,_
7,παρʼ,παρʼ,VERB,v3saia---,Mood=Ind|Number=Sing|Person=3|Tense=Past|VerbForm=Fin|Voice=Act,5,acl,_,_
8,ὑμῶν,σύ,PRON,p-p---fg-,Case=Gen|Gender=Fem|Number=Plur,7,obj,_,_
9,",",",",PUNCT,u--------,_,14,punct,_,_
10,εἰς,εἰς,ADP,r--------,_,11,case,_,_
11,ἐμὲ,ἐγώ,PRON,p-s---ma-,Case=Acc|Gender=Masc|Number=Sing,14,obl,_,_
12,τὸ,ὁ,DET,l-s---na-,Case=Acc|Gender=Neut|Number=Sing,13,det,_,_
13,ἐλλεῖπον,ἐλλεῖπος,ADJ,a-s---na-,Case=Acc|Gender=Neut|Number=Sing,14,obj,_,_
14,ἥξει,ἥκω,VERB,v3sfia---,Mood=Ind|Number=Sing|Person=3|Tense=Fut|VerbForm=Fin|Voice=Act,5,acl,_,_
15,.,.,PUNCT,u--------,_,6,punct,_,_
1,ἀλλὰ,ἀλλά,ADV,d--------,_,2,advmod,_,_
2,πιστεύω,πιστεύω,VERB,v1spia---,Mood=Ind|Number=Sing|Person=1|Tense=Pres|VerbForm=Fin|Voice=Act,0,root,_,_
3,τοι,σύ,PRON,p-s----d-,Case=Dat|Number=Sing,2,obj,_,_
4,τῇ,ὁ,DET,l-s---fd-,Case=Dat|Gender=Fem|Number=Sing,5,det,_,_
5,πείρᾳ,πεῖρα,NOUN,n-s---fd-,Case=Dat|Gender=Fem|Number=Sing,2,advmod,_,_
6,καὶ,καί,CCONJ,c--------,_,2,cc,_,_
7,τῇ,ὁ,DET,l-s---fd-,Case=Dat|Gender=Fem|Number=Sing,8,det,_,_
8,ὑμῶν,ὑμός,PRON,p-p---fg-,Case=Gen|Gender=Fem|Number=Plur,10,nmod,_,_
9,εἰς,εἰς,ADP,r--------,_,10,case,_,_
10,ἐμὲ,ἐγώ,PRON,p-s---ma-,Case=Acc|Gender=Masc|Number=Sing,18,obl,_,_
11,εὐνοίᾳ,εὐνοίας,NOUN,n-s---fd-,Case=Dat|Gender=Fem|Number=Sing,18,advmod,_,_
12,καὶ,καί,CCONJ,c--------,_,11,cc,_,_
13,τῇ,ὁ,DET,l-s---fd-,Case=Dat|Gender=Fem|Number=Sing,16,det,_,_
14,τῶν,ὁ,DET,l-p---mg-,Case=Gen|Gender=Masc|Number=Plur,15,det,_,_
15,πολεμίων,πολέμιος,ADJ,a-p---mg-,Case=Gen|Gender=Masc|Number=Plur,16,nmod,_,_
16,ἀνοίᾳ,ἀνοία,NOUN,n-s---fd-,Case=Dat|Gender=Fem|Number=Sing,11,conj,_,_
17,μὴ,μή,CCONJ,c--------,_,18,advmod,_,_
18,ψεύσειν,ψεύσω,VERB,v--fna---,Tense=Fut|VerbForm=Inf|Voice=Act,2,conj,_,_
19,με,ἐγώ,PRON,p-s---ma-,Case=Acc|Gender=Masc|Number=Sing,18,obj,_,_
20,ταύτας,οὗτος,ADJ,a-p---fa-,Case=Acc|Gender=Fem|Number=Plur,23,nmod,_,_
21,τὰς,ὁ,DET,l-p---fa-,Case=Acc|Gender=Fem|Number=Plur,23,det,_,_
22,ἀγαθὰς,ἀγαθός,ADJ,a-p---fa-,Case=Acc|Gender=Fem|Number=Plur,23,nmod,_,_
23,ἐλπίδας,ἐλπίς,NOUN,n-p---fa-,Case=Acc|Gender=Fem|Number=Plur,18,obj,_,_
24,.,.,PUNCT,u--------,_,2,punct,_,_
1,ἀλλὰ,ἀλλά,ADV,d--------,_,3,advmod,_,_
2,θαρροῦντες,θαρρέω,VERB,v-pppamn-,Case=Nom|Gender=Masc|Number=Plur|Tense=Pres|VerbForm=Part|Voice=Act,3,advcl,_,_
3,ὁρμώμεθα,ὁρμώμεθα,VERB,v1pase---,Mood=Sub|Number=Plur|Person=1|Tense=Past|VerbForm=Fin|Voice=Mid,0,root,_,_
4,",",",",PUNCT,u--------,_,3,punct,_,_
5,ἐπειδὴ,ἐπεί,CCONJ,c--------,_,9,mark,_,_
6,καὶ,καί,CCONJ,c--------,_,3,cc,_,_
7,ἐκποδὼν,ἐκποδίσκω,VERB,v-sapamn-,Case=Nom|Gender=Masc|Number=Sing|Tense=Past|VerbForm=Part|Voice=Act,9,advcl,_,_
8,ἡμῖν,ἐγώ,PRON,p-p---md-,Case=Dat|Gender=Masc|Number=Plur,7,obj,_,_
9,γεγένηται,γίγνομαι,VERB,v3sasm---,Mood=Sub|Number=Sing|Person=3|Tense=Past|VerbForm=Fin|Voice=Mid,3,conj,_,_
10,τὸ,ὁ,DET,l-s---na-,Case=Acc|Gender=Neut|Number=Sing,11,det,_,_
11,δόξαι,δόσσω,VERB,v--ana---,Tense=Past|VerbForm=Inf|Voice=Act,9,xcomp,_,_
12,τῶν,ὁ,DET,l-p---mg-,Case=Gen|Gender=Masc|Number=Plur,13,det,_,_
13,ἀλλοτρίων,ἀλλότριος,ADJ,a-p---mg-,Case=Gen|Gender=Masc|Number=Plur,14,nmod,_,_
14,ἀδίκως,ἄδικος,ADV,d--------,_,15,advmod,_,_
15,ἐφίεσθαι,ἐφίω,VERB,v--pne---,Tense=Pres|VerbForm=Inf|Voice=Mid,11,xcomp,_,_
16,.,.,PUNCT,u--------,_,3,punct,_,_
1,νῦν,νῦν,ADV,d--------,_,3,advmod,_,_
2,γὰρ,γάρ,PART,g--------,_,3,advmod,_,_
3,ἔρχονται,ἔρχομαι,VERB,v3ppie---,Mood=Ind|Number=Plur|Person=3|Tense=Pres|VerbForm=Fin|Voice=Mid,0,root,_,_
4,μὲν,μέν,PART,g--------,_,3,advmod,_,_
5,οἱ,ἕ,DET,l-p---mn-,Case=Nom|Gender=Masc|Number=Plur,6,det,_,_
6,πολέμιοι,πολέμιος,ADJ,a-p---mn-,Case=Nom|Gender=Masc|Number=Plur,3,nsubj,_,_
7,ἄρχοντες,ἄρχω,VERB,v-pppamn-,Case=Nom|Gender=Masc|Number=Plur|Tense=Pres|VerbForm=Part|Voice=Act,3,advcl,_,_
8,ἀδίκων,ἀδίκος,ADJ,a-p---mg-,Case=Gen|Gender=Masc|Number=Plur,9,nmod,_,_
9,χειρῶν,χείρ,NOUN,n-p---fg-,Case=Gen|Gender=Fem|Number=Plur,7,obj,_,_
10,",",",",PUNCT,u--------,_,3,punct,_,_
11,καλοῦσι,καλέω,VERB,v3ppia---,Mood=Ind|Number=Plur|Person=3|Tense=Pres|VerbForm=Fin|Voice=Act,3,conj,_,_
12,δὲ,δέ,PART,g--------,_,3,cc,_,_
13,ἡμᾶς,ἐγώ,PRON,p-p---ma-,Case=Acc|Gender=Masc|Number=Plur,11,obj,_,_
14,ἐπικούρους,ἐπίκουρος,NOUN,n-p---ma-,Case=Acc|Gender=Masc|Number=Plur,11,obj,_,_
15,οἱ,ὁ,PRON,p-s---md-,Case=Dat|Gender=Masc|Number=Sing,16,advmod,_,_
16,φίλοι,φίλος,ADJ,a-p---mv-,Case=Voc|Gender=Masc|Number=Plur,14,amod,_,_
17,·,·,PUNCT,u--------,_,3,punct,_,_
1,τί,τίς,PRON,p-s---na-,Case=Acc|Gender=Neut|Number=Sing,6,advmod,_,_
2,οὖν,οὖν,PART,g--------,_,1,advmod,_,_
3,ἐστιν,εἰμί,VERB,v3spia---,Mood=Ind|Number=Sing|Person=3|Tense=Pres|VerbForm=Fin|Voice=Act,6,cop,_,_
4,ἢ,ἤ,CCONJ,c--------,_,5,advmod,_,_
5,τοῦ,ὁ,PRON,p-s---mg-,Case=Gen|Gender=Masc|Number=Sing,7,nmod,_,_
6,ἀλέξασθαι,ἀλέξω,VERB,v--anm---,Tense=Past|VerbForm=Inf|Voice=Mid,0,root,_,_
7,δικαιότερον,δίκαιος,ADJ,a-s---ma-,Case=Acc|Gender=Masc|Number=Sing,6,obj,_,_
8,ἢ,ἤ,CCONJ,c--------,_,7,cc,_,_
9,τοῦ,ὅς,PRON,p-s---mg-,Case=Gen|Gender=Masc|Number=Sing,13,nmod,_,_
10,τοῖς,ὁ,DET,l-p---md-,Case=Dat|Gender=Masc|Number=Plur,11,det,_,_
11,φίλοις,φίλος,ADJ,a-p---md-,Case=Dat|Gender=Masc|Number=Plur,12,obj,_,_
12,ἀρήγειν,ἀρήγω,VERB,v--pna---,Tense=Pres|VerbForm=Inf|Voice=Act,7,conj,_,_
13,κάλλιον,κάλλιος,NOUN,n-s---nn-,Case=Nom|Gender=Neut|Number=Sing,12,nsubj,_,_
14,;,;,PUNCT,u--------,_,6,punct,_,_
1,ἀλλὰ,ἀλλά,ADV,d--------,_,3,advmod,_,_
2,μὴν,μήν,PART,g--------,_,3,advmod,_,_
3,κ-,κ-,VERB,v3saia---,Mood=Ind|Number=Sing|Person=3|Tense=Past|VerbForm=Fin|Voice=Act,0,root,_,_
4,ἀκεῖνο,ἀκεῖνο,PRON,p-s---na-,Case=Acc|Gender=Neut|Number=Sing,7,nsubj,_,_
5,οἶμαι,οἶμαι,VERB,v1spie---,Mood=Ind|Number=Sing|Person=1|Tense=Pres|VerbForm=Fin|Voice=Mid,3,xcomp,_,_
6,ὑμᾶς,σύ,PRON,p-p---fa-,Case=Acc|Gender=Fem|Number=Plur,7,obj,_,_
7,θαρρεῖν,θαρσέω,VERB,v--pna---,Tense=Pres|VerbForm=Inf|Voice=Act,5,ccomp,_,_
8,",",",",PUNCT,u--------,_,3,punct,_,_
9,τὸ,ὁ,DET,l-s---na-,Case=Acc|Gender=Neut|Number=Sing,11,det,_,_
10,μὴ,μή,CCONJ,c--------,_,11,advmod,_,_
11,παρημεληκότα,παρημεληκότα,VERB,v-srpama-,Aspect=Perf|Case=Acc|Gender=Masc|Number=Sing|Tense=Past|VerbForm=Part|Voice=Act,3,xcomp,_,_
12,με,ἐγώ,PRON,p-s---ma-,Case=Acc|Gender=Masc|Number=Sing,17,nsubj,_,_
13,τῶν,ὁ,DET,l-p---mg-,Case=Gen|Gender=Masc|Number=Plur,14,det,_,_
14,θεῶν,θεός,NOUN,n-p---mg-,Case=Gen|Gender=Masc|Number=Plur,16,nmod,_,_
15,τὴν,ὁ,DET,l-s---fa-,Case=Acc|Gender=Fem|Number=Sing,16,det,_,_
16,ἔξοδον,ἔξοδος,NOUN,n-s---fa-,Case=Acc|Gender=Fem|Number=Sing,17,obj,_,_
17,ποιεῖσθαι,ποιέω,VERB,v--pne---,Tense=Pres|VerbForm=Inf|Voice=Mid,11,ccomp,_,_
18,·,·,PUNCT,u--------,_,3,punct,_,_
1,πολλὰ,πολύς,ADJ,a-p---na-,Case=Acc|Gender=Neut|Number=Plur,4,nmod,_,_
2,γάρ,γάρ,PART,g--------,_,5,advmod,_,_
3,μοι,ἐγώ,PRON,p-s---md-,Case=Dat|Gender=Masc|Number=Sing,4,obj,_,_
4,συνόντες,συνόντες,VERB,v-papamn-,Case=Nom|Gender=Masc|Number=Plur|Tense=Past|VerbForm=Part|Voice=Act,5,advcl,_,_
5,ἐπίστασθε,ἐπίστω,VERB,v2ppme---,Mood=Imp|Number=Plur|Person=2|Tense=Pres|VerbForm=Fin|Voice=Mid,0,root,_,_
6,οὐ,οὐ,ADV,d--------,_,7,advmod,_,_
7,μόνον,μόνος,ADJ,a-s---na-,Case=Acc|Gender=Neut|Number=Sing,8,amod,_,_
8,τὰ,ὁ,DET,l-p---na-,Case=Acc|Gender=Neut|Number=Plur,9,det,_,_
9,μεγάλα,μέγας,ADJ,a-p---na-,Case=Acc|Gender=Neut|Number=Plur,5,advmod,_,_
10,ἀλλὰ,ἀλλά,CCONJ,c--------,_,5,cc,_,_
11,καὶ,καί,CCONJ,c--------,_,18,advmod,_,_
12,τὰ,ὁ,DET,l-p---na-,Case=Acc|Gender=Neut|Number=Plur,13,det,_,_
13,μικρὰ,μικρός,ADJ,a-p---na-,Case=Acc|Gender=Neut|Number=Plur,14,obj,_,_
14,πειρώμενον,πειράω,VERB,v-sppena-,Case=Acc|Gender=Neut|Number=Sing|Tense=Pres|VerbForm=Part|Voice=Mid,18,advcl,_,_
15,ἀεὶ,ἀεί,ADV,d--------,_,18,advmod,_,_
16,ἀπὸ,ἀπό,ADP,r--------,_,17,case,_,_
17,θεῶν,θεός,NOUN,n-p---mg-,Case=Gen|Gender=Masc|Number=Plur,18,obl,_,_
18,ὁρμᾶσθαι,ὁρμάω,VERB,v--pne---,Tense=Pres|VerbForm=Inf|Voice=Mid,5,conj,_,_
19,.,.,PUNCT,u--------,_,5,punct,_,_
1,τέλος,τέλος,NOUN,n-s---na-,Case=Acc|Gender=Neut|Number=Sing,2,obj,_,_
2,εἶπε,εἶπον,VERB,v3saia---,Mood=Ind|Number=Sing|Person=3|Tense=Past|VerbForm=Fin|Voice=Act,0,root,_,_
3,·,·,PUNCT,u--------,_,2,punct,_,_
1,τί,τίς,PRON,p-s---na-,Case=Acc|Gender=Neut|Number=Sing,2,advmod,_,_
2,δεῖ,δεῖ,VERB,v3spia---,Mood=Ind|Number=Sing|Person=3|Tense=Pres|VerbForm=Fin|Voice=Act,0,root,_,_
3,ἔτι,ἔτι,ADV,d--------,_,4,advmod,_,_
4,λέγειν,λέγω,VERB,v--pna---,Tense=Pres|VerbForm=Inf|Voice=Act,2,csubj,_,_
5,;,;,PUNCT,u--------,_,2,punct,_,_
1,ἀλλʼ,ἀλλʼ,VERB,v3saia---,Mood=Ind|Number=Sing|Person=3|Tense=Past|VerbForm=Fin|Voice=Act,0,root,_,_
2,ὑμεῖς,σύ,PRON,p-p----n-,Case=Nom|Number=Plur,1,nsubj,_,_
3,μὲν,μέν,PART,g--------,_,1,advmod,_,_
4,τοὺς,ὁ,DET,l-p---ma-,Case=Acc|Gender=Masc|Number=Plur,5,det,_,_
5,ἄνδρας,ἀνήρ,NOUN,n-p---ma-,Case=Acc|Gender=Masc|Number=Plur,1,obj,_,_
6,ἑλόμενοι,αἱρέω,VERB,v-pppemn-,Case=Nom|Gender=Masc|Number=Plur|Tense=Pres|VerbForm=Part|Voice=Mid,1,advcl,_,_
7,καὶ,καί,CCONJ,c--------,_,1,advmod,_,_
8,ἀναλαβόντες,ἀναλαμβάνω,VERB,v-papamn-,Case=Nom|Gender=Masc|Number=Plur|Tense=Past|VerbForm=Part|Voice=Act,1,advcl,_,_
9,καὶ,καί,CCONJ,c--------,_,8,cc,_,_
10,τ-,τ-,VERB,v3saia---,Mood=Ind|Number=Sing|Person=3|Tense=Past|VerbForm=Fin|Voice=Act,8,conj,_,_
11,ἆλλα,ἆλλος,NOUN,n-p---na-,Case=Acc|Gender=Neut|Number=Plur,1,obj,_,_
12,παρασκευασάμενοι,παρασκευασάμενοι,VERB,v-papmmn-,Case=Nom|Gender=Masc|Number=Plur|Tense=Past|VerbForm=Part|Voice=Mid,1,advcl,_,_
13,ἴτε,ἴτω,CCONJ,c--------,_,1,advmod,_,_
14,ἐς,εἰς,ADP,r--------,_,15,case,_,_
15,Μήδους,Μῆδος,NOUN,n-s---mg-,Case=Gen|Gender=Masc|Number=Sing,12,obl,_,_
16,·,·,PUNCT,u--------,_,1,punct,_,_
1,ἐγὼ,ἐγώ,PRON,p-s---mn-,Case=Nom|Gender=Masc|Number=Sing,2,nsubj,_,_
2,δʼ,δʼ,VERB,v3saia---,Mood=Ind|Number=Sing|Person=3|Tense=Past|VerbForm=Fin|Voice=Act,7,advcl,_,_
3,ἐπανελθὼν,ἐπανέρχομαι,VERB,v-sapamn-,Case=Nom|Gender=Masc|Number=Sing|Tense=Past|VerbForm=Part|Voice=Act,7,advcl,_,_
4,πρὸς,πρός,ADP,r--------,_,6,case,_,_
5,τὸν,ὁ,DET,l-s---ma-,Case=Acc|Gender=Masc|Number=Sing,6,det,_,_
6,πατέρα,πατήρ,NOUN,n-s---ma-,Case=Acc|Gender=Masc|Number=Sing,3,obl,_,_
7,πρόειμι,πρόειμι,VERB,v1spia---,Mood=Ind|Number=Sing|Person=1|Tense=Pres|VerbForm=Fin|Voice=Act,0,root,_,_
8,δή,δή,PART,g--------,_,7,advmod,_,_
9,",",",",PUNCT,u--------,_,10,punct,_,_
10,ὅπως,ὅπως,SCONJ,c--------,_,23,mark,_,_
11,τὰ,ὁ,DET,l-p---na-,Case=Acc|Gender=Neut|Number=Plur,16,det,_,_
12,τῶν,ὁ,DET,l-p---mg-,Case=Gen|Gender=Masc|Number=Plur,13,det,_,_
13,πολεμίων,πολέμιος,ADJ,a-p---mg-,Case=Gen|Gender=Masc|Number=Plur,11,nmod,_,_
14,ὡς,ὡς,SCONJ,c--------,_,15,advmod,_,_
15,τάχιστα,ταχύς,ADJ,a-p---na-,Case=Acc|Gender=Neut|Number=Plur,16,advmod,_,_
16,μαθὼν,μανθάνω,VERB,v-sapamn-,Case=Nom|Gender=Masc|Number=Sing|Tense=Past|VerbForm=Part|Voice=Act,23,advcl,_,_
17,οἷά,οἷος,ADJ,a-p---na-,Case=Acc|Gender=Neut|Number=Plur,19,obj,_,_
18,ἐστι,εἰμί,VERB,v3spia---,Mood=Ind|Number=Sing|Person=3|Tense=Pres|VerbForm=Fin|Voice=Act,17,cop,_,_
19,παρασκευάζωμαι,παρασκευάζομαι,VERB,v1spie---,Mood=Ind|Number=Sing|Person=1|Tense=Pres|VerbForm=Fin|Voice=Mid,23,advcl,_,_
20,ὅ,ὅς,PRON,p-s---na-,Case=Acc|Gender=Neut|Number=Sing,23,obj,_,_
21,τι,τις,PRON,p-s---na-,Case=Acc|Gender=Neut|Number=Sing,20,advmod,_,_
22,ἂν,ἄν,PART,g--------,_,23,advmod,_,_
23,δέωμαι,δέομαι,VERB,v1spie---,Mood=Ind|Number=Sing|Person=1|Tense=Pres|VerbForm=Fin|Voice=Mid,7,advcl,_,_
24,",",",",PUNCT,u--------,_,25,punct,_,_
25,ὅπως,ὅπως,SCONJ,c--------,_,30,mark,_,_
26,ὡς,ὡς,ADV,d--------,_,30,advmod,_,_
27,κάλλιστα,καλός,ADJ,a-p---nn-,Case=Nom|Gender=Neut|Number=Plur,30,nsubj,_,_
28,σὺν,σύν,ADP,r--------,_,29,case,_,_
29,θεῷ,θεός,NOUN,n-s---md-,Case=Dat|Gender=Masc|Number=Sing,30,obl,_,_
30,ἀγωνιζώμεθα,ἀγωνιζώμεθα,VERB,v1pase---,Mood=Sub|Number=Plur|Person=1|Tense=Past|VerbForm=Fin|Voice=Mid,23,advcl,_,_
31,.,.,PUNCT,u--------,_,23,punct,_,_
1,οἱ,ὁ,DET,l-p---mn-,Case=Nom|Gender=Masc|Number=Plur,5,det,_,_
2,μὲν,μέν,PART,g--------,_,5,advmod,_,_
3,δὴ,δή,PART,g--------,_,5,advmod,_,_
4,ταῦτα,οὗτος,ADJ,a-p---na-,Case=Acc|Gender=Neut|Number=Plur,5,obj,_,_
5,ἔπραττον,ἔπραττος,VERB,v3piia---,Aspect=Imp|Mood=Ind|Number=Plur|Person=3|Tense=Past|VerbForm=Fin|Voice=Act,0,root,_,_
6,.,.,PUNCT,u--------,_,5,punct,_,_
