,@form,gorman_lemma_1,gorman_lemma_2,gpt_lemma_1,gpt_lemma_2,postag_1,postag_2,postag_3,postag_4,lemma_pedalion_1,lemma_pedalion_2,lemma_pedalion_3,lemma_pedalion_4,lemma_pedalion_5,lemma_pedalion_6,lemma_pedalion_7,lemma_pedalion_8,lemma_pedalion_9,lemma_pedalion_10,lemma_pedalion_11,lemma_pedalion_12,lemma_pedalion_13,lemma_pedalion_14,lemma_pedalion_15,lemma_pedalion_16,lemma_pedalion_17
17,οὕτω,οὕτως,,,,d--------,,,,,,,,,,,,,,,,,,,,
31,ἀρξάμενός,ἄρχω,,,,v-sapmmn-,,,,,,,,,,,,,,,,,,,,
34,ἀθρόως,ἀθρόος,,,,d--------,,,,,,,,,,,,,,,,,,,,
50,στασιάρχους,στασίαρχος,,,,a-p---ma-,,,,,,,,,,,,,,,,,,,,
57,-δὲ,δέ,,,,c--------,d--------,,,,,,,,,,,,,,,,,,,
67,τάδε,ὅδε,,,,p-p---na-,p-p---nn-,,,,,,,,,,,,,,,,,,,
75,ἀρξάμενον,ἄρχω,,,,v-sapmma-,,,,,,,,,,,,,,,,,,,,
80,ἐκπεσόντα,,,ἐκπίπτω,,v-sapama-,,,,,,,,,,,,,,,,,,,,
88,φανερώτατον,φανερός,,,,a-s---nas,,,,,,,,,,,,,,,,,,,,
90,τοὺς,ὁ,,,,l-p---ma-,,,,,,,,,,,,,,,,,,,,
105,καρτερῶς,καρτερός,,,,d--------,,,,,,,,,,,,,,,,,,,,
111,ᾗ,ὅς,,,,p-s---fd-,d--------,,,,,,,,,,,,,,,,,,,
124,νεωτέρῳ,νέος,,,,a-s---mdc,,,,,,,,,,,,,,,,,,,,
133,ἀμφοῖν,ἄμφω,,,,a-d---mg-,,,,,,,,,,,,,,,,,,,,
134,ὥς,ὡς,,,,c--------,,,,,,,,,,,,,,,,,,,,
136,προείρηται,προλέγω,,,,v3srie---,,,,,,,,,,,,,,,,,,,,
137,μᾶλλον,,,μάλα,,d-------c,,,,,,,,,,,,,,,,,,,,
141,οὔ,οὐ,,,,d--------,,,,,,,,,,,,,,,,,,,,
142,-τε,τε,,,,d--------,c--------,,,,,,,,,,,,,,,,,,,
172,τῷδε,ὅδε,,,,a-s---nd-,p-s---nd-,a-s---md-,,,,,,,,,,,,,,,,,,
185,ἐψηφισμέναις,,,ψηφίζω,,v-prpefd-,,,,,,,,,,,,,,,,,,,,
192,οἳ,ὁ,ὅς,,,l-p---mn-,p-p---mn-,,,,,,,,,,,,,,,,,,,
199,συναγαγεῖν,συνάγω,,,,v--ana---,,,,,,,,,,,,,,,,,,,,
201,σαφῶς,σαφής,,,,d--------,,,,,,,,,,,,,,,,,,,,
203,ἐπανενεγκεῖν,ἐπαναφέρω,,,,v--ana---,,,,,,,,,,,,,,,,,,,,
219,τῶνδε,ὅδε,,,,p-p---mg-,p-p---ng-,a-p---fg-,a-p---mg-,,,,,,,,,,,,,,,,,
222,εὐθύνας,εὔθυνα,,,,n-p---fa-,,,,,,,,,,,,,,,,,,,,
226,προσέγραφεν,προσγράφω,,,,v3siia---,,,,,,,,,,,,,,,,,,,,
232,ἐπιπολαζούσης,ἐπιπολάζω,,,,v-sppafg-,,,,,,,,,,,,,,,,,,,,
237,ἥ,ὁ,,ὅς,,l-s---fn-,,,,,,,,,,,,,,,,,,,,
239,χαλεπῶς,χαλεπός,,,,d--------,,,,,,,,,,,,,,,,,,,,
241,αὑτῇ,ἑαυτοῦ,,,,p-s---fd-,,,,,,,,,,,,,,,,,,,,
243,μέγιστον,μέγας,,,,a-s---nas,,,,,,,,,,,,,,,,,,,,
257,οἵ,ὁ,,ὅς,,l-p---mn-,,,,,,ἕ,,,,,,,,,,,,,,
260,ὅτι,,,ὅτι,,c--------,,,,,ὅστις,,,,,,,,,,,,,,,
261,τῇδε,ὅδε,,,,a-s---fd-,p-s---fd-,,,,,,,,,,,,,,,,,,,
263,θεραπείᾳ,,,θεραπεία,,n-s---fd-,,,,,,,,,,,,,,,,,,,,
266,γευσάμενοί,γεύω,,,,v-papmmn-,,,,,,,,,,,,,,,,,,,,
270,ἀλύπως,ἄλυπος,,,,d--------,,,,,,,,,,,,,,,,,,,,
279,τίνες,τις,,,,p-p---mn-,,,,,,,,,,,,,,,,,,,,
285,κρείττονας,ἀγαθός,,,,a-p---mac,,,,,,,,,,,,,,,,,,,,
286,ἐσῄει,εἴσειμι,,,,v3siia---,,,,,,,,,,,,,,,,,,,,
289,ἀναφυομένου,,,ἀναφύω,,v-sppeng-,,,,,,,,,,,,,,,,,,,,
291,ὃ,ὅς,ὁ,,,p-s---na-,l-s---mn-,,,,,,,,,,,,,,,,,,,
294,αὑτῶν,ἑαυτοῦ,,,,p-p---mg-,,,,,,,,,,,,,,,,,,,,
297,οἱ,ὁ,ἕ,,,l-p---mn-,p3s---md-,,,,,,,,,,,,,,,,,,,
301,διαφόρως,διάφορος,,,,d--------,,,,,,,,,,,,,,,,,,,,
313,οἵδε,ὅδε,,,,a-p---mn-,p-p---mn-,,,,,,,,,,,,,,,,,,,
315,ἐδεδοίκεσαν,δείδω,,,,v3plia---,,,,,,,,,,,,,,,,,,,,
329,Τυρρηνοί,Τυρηηνός,,,,n-p---mn-,,,,,,,,,,,,,,,,,,,,
331,τ-,ὁ,,,,l-s---na-,,,,,τε,,,,,,,,,,,,,,,
344,φανερῶς,φανερός,,,,d--------,,,,,,,,,,,,,,,,,,,,
351,προϊών,πρόειμι,,,,v-sppamn-,,,,,,,,,,,,,,,,,,,,
356,φῶς,φάος,,,,n-s---na-,,,,,,,,,,,,,,,,,,,,
365,λέγων,,,λέγω,,v-sppamn-,,,,,,,,,,,,,,,,,,,,
369,σκυτοτόμου,,,σκυτοτόμος,,n-s---mg-,,,,,,,,,,,,,,,,,,,,
379,Κόιντον,,,Κόιντος,,n-s---ma-,,,,,,,,,,,,,,,,,,,,
380,Οὐράιον,,,Οὔραιος,,n-s---ma-,,,,,,,,,,,,,,,,,,,,
382,ἔπεισαν,,,πείθω,,v3paia---,,,,,,,,,,,,,,,,,,,,
386,ἢ,,,ἤ,,c--------,d--------,,,,,,,,,,,,,,,,,,,
408,περιστάντες,περιίστημι,,,,v-pppamn-,,,,,,,,,,,,,,,,,,,,
417,-δʼ,δέ,,,,d--------,c--------,,,,,,,,,,,,,,,,,,,
423,χεῖρας,χείρ,,,,n-p---fa-,,,,,,,,,,,,,,,,,,,,
429,ἐπεπολίτευτο,πολιτεύω,,,,v3slie---,,,,,,,,,,,,,,,,,,,,
430,λοιδορησάμενος,λοιδορέω,,,,v-sapmmn-,,,,,,,,,,,,,,,,,,,,
432,ἐξῄει,ἔξειμι,,,,v3siia---,,,,,,,,,,,,,,,,,,,,
433,πρὸ,πρό,,πρό,,r--------,,,,,,,,,,,,,,,,,,,,
438,αἰσχρῶς,αἰσχρός,,,,d--------,,,,,,,,,,,,,,,,,,,,
440,ὑποσχομένων,ὑπέχω,,ὑπισχνέομαι,,v-papmmg-,,,,,,,,,,,,,,,,,,,,
444,Δήλῳ,Δῆλος,,,,n-s---fd-,,,,,,,,,,,,,,,,,,,,
449,ὅ,ὁ,ὅς,,,l-s---mn-,p-s---na-,p-s---nn-,,,,,,,,,,,,,,,,,,
462,σφίσιν,σφεῖς,,,,p3p---md-,,,,,,,,,,,,,,,,,,,,
472,ἀποστῆναι,,,ἀφίστημι,,v--ana---,,,,,,,,,,,,,,,,,,,,
476,διεπρεσβεύοντο,διαπρεσβεύομαι,,,,v3piie---,,,,,,,,,,,,,,,,,,,,
481,ἐπῄσθοντο,ἐπαισθάνομαι,,,,v3paim---,,,,,,,,,,,,,,,,,,,,
489,ἀφανῶς,ἀφανής,,,,d--------,,,,,,,,,,,,,,,,,,,,
495,ἰδὼν,,,ὁράω,,v-sapamn-,,,,,,,,,,,,,,,,,,,,
496,Ἄσκλου,Ἄσκλον,,,,n-s---ng-,,,,,,,,,,,,,,,,,,,,
505,ἄρχοντες,ἄρχω,,ἄρχων,,v-pppamn-,,,,,,,,,,,,,,,,,,,,
508,Ἁδριανὸς,Ἁδριανὸς,,,,n-s---mn-,,,,,,,,,,,,,,,,,,,,
511,ὕστερον,ὕστερος,,,,a-s---nac,,,,,,,,,,,,,,,,,,,,
523,ἐσδραμὼν,εἰστρέχω,,,,v-sapamn-,,,,,,,,,,,,,,,,,,,,
524,Ἄσκλον,Ἄσκλον,,,,n-s---na-,n-s---nn-,,,,,,,,,,,,,,,,,,,
526,Ἀσκλαίοις,,,Ἀσκλαῖος,,n-p---md-,,,,,,,,,,,,,,,,,,,,
531,πεφωραμένων,φωράω,,,,v-prpemg-,,,,,,,,,,,,,,,,,,,,
532,ἐπανῃρέθη,,,ἐπαναιρέω,,v3saip---,,,,,,,,,,,,,,,,,,,,
542,φειδώ,,,φειδώ,,n-s---fn-,,,,,,,,,,,,,,,,,,,,
544,σφίσι,σφεῖς,,,,p3p---md-,,,,,,,,,,,,,,,,,,,,
546,Ἀσκλαῖοι,,,Ἀσκλαῖος,,n-p---mn-,,,,,,,,,,,,,,,,,,,,
547,συνεκέντουν,συγκεντέω,,,,v3piia---,,,,,,,,,,,,,,,,,,,,
551,ἐκραγείσης,ἐκρήγνυμι,,,,v-sappfg-,,,,,,,,,,,,,,,,,,,,
552,ἀποστάσεως,ἀπόστασις,,,,n-s---fg-,,,,,,,,,,,,,,,,,,,,
556,συνεξέφαινε,,,συνεκφαίνω,,v3siia---,,,,,,,,,,,,,,,,,,,,
558,Μάρσοι,,,Μάρσος,,n-p---mn-,,,,,,,,,,,,,,,,,,,,
559,Παιλιγνοὶ,Παιλιγνοὶ,,,,n-p---mn-,,,,,,,,,,,,,,,,,,,,
560,Οὐηστῖνοι,Οὐηστῖνοι,,,,n-p---mn-,,,,,,,,,,,,,,,,,,,,
561,Μαρρουκῖνοι,Μαρρουκινοί,,,,n-p---mn-,,,,,,,,,,,,,,,,,,,,
563,Πικεντῖνοι,Πικεντῖνοι,,,,n-p---mn-,,,,,,,,,,,,,,,,,,,,
564,Φρεντανοὶ,Φρεντανός,,,,n-p---mn-,,,,,,,,,,,,,,,,,,,,
565,Ἱρπῖνοι,Ἱρπινοί,,,,n-p---mn-,,,,,,,,,,,,,,,,,,,,
566,Πομπηιανοὶ,Πομπηιανός,,,,n-p---mn-,,,,,,,,,,,,,,,,,,,,
567,Οὐενούσιοι,Οὐενούσιοι,,,,n-p---mn-,,,,,,,,,,,,,,,,,,,,
568,Ἰάπυγες,Ἰάπυγες,,,,n-p---mn-,,,,,,,,,,,,,,,,,,,,
570,Σαυνῖται,Σαυνῖται,,,,n-p---mn-,,,,,,,,,,,,,,,,,,,,
589,πρέσβεις,πρέσβις,πρέσβυς,,,n-p---ma-,n-p---mn-,,,,,,,,,,,,,,,,,,,
596,ἀπεκρίνατο,ἀποκρίνω,,,,v3saim---,,,,,,,,,,,,,,,,,,,,
609,πεζῶν,πέζα,πεζός,,,n-p---fg-,a-p---mg-,,,,,,,,,,,,,,,,,,,
627,ἐξῄεσαν,ἔξειμι,,,,v3piia---,,,,,,,,,,,,,,,,,,,,
652,Γάιον,Γάιος,,,,n-s---ma-,,,,,,,,,,,,,,,,,,,,
670,τοῖσδε,ὅδε,,,,p-p---md-,,,,,,,,,,,,,,,,,,,,
671,τοσοίδε,τοσόσδε,,,,a-p---mn-,,,,,,,,,,,,,,,,,,,,
679,Ἰταλοῖς,,,Ἰταλός,,n-p---md-,,,,,,,,,,,,,,,,,,,,
687,Γάιος,Γάιος,,,,n-s---mn-,,,,,,,,,,,,,,,,,,,,
691,Κόιντος,,,Κόιντος,,n-s---mn-,,,,,,,,,,,,,,,,,,,,
702,ὁμοίως,ὅμοιος,,,,d--------,,,,,,,,,,,,,,,,,,,,
705,ἀντεκαθέζοντο,ἀντικαθέζομαι,,,,v3piim---,,,,,,,,,,,,,,,,,,,,
709,κεφαλαίῳ,κεφάλαιος,,,,a-s---nd-,,,,,,,,,,,,,,,,,,,,
712,Σέξστον,,,Σέξστος,,n-s---ma-,,,,,,,,,,,,,,,,,,,,
733,ἑλὼν,αἱρέω,,,,v-sapamn-,,,,,,,,,,,,,,,,,,,,
735,ἔκτεινε,ἐκτείνω,,κτείνω,,v3saia---,,,,,,,,,,,,,,,,,,,,
738,μυρίων,μυρίος,,,,a-p---mg-,,,,,,,,,,,,,,,,,,,,
741,ἔκτεινεν,ἐκτείνω,,κτείνω,,v3saia---,,,,,,,,,,,,,,,,,,,,
744,πλέονος,πολύς,,,,a-s---ngc,,,,,,,,,,,,,,,,,,,,
755,Γαΐῳ,Γάιος,,,,n-s---md-,,,,,,,,,,,,,,,,,,,,
771,τούσδε,ὅδε,,,,p-p---ma-,a-p---ma-,,,,,,,,,,,,,,,,,,,
779,Παπίου,Παπίας,,Πάπιος,,n-s---mg-,,,,,,,,,,,,,,,,,,,,
781,Σταβίας,Στάβιαι,,,,n-p---fa-,,,,,,,,,,,,,,,,,,,,
791,κατέπρησεν,καταπίμπρημι,,καταπρήθω,,v3saia---,,,,,,,,,,,,,,,,,,,,
793,πλησίον,πλησίος,,,,d--------,,,,,,,,,,,,,,,,,,,,
794,καταπλαγεῖσαι,,,καταπλήσσω,,v-pappfn-,,,,,,,,,,,,,,,,,,,,
795,προσετίθεντο,προστίθημι,,,,v3piie---,,,,,,,,,,,,,,,,,,,,
799,μυρίους,μυρίος,,,,a-p---ma-,,,,,,,,,,,,,,,,,,,,
801,χιλίους,,,χίλιοι,,a-p---ma-,,,,,,,,,,,,,,,,,,,,
804,παρεκάθητο,παρακάθημαι,,,,v3siim---,,,,,,,,,,,,,,,,,,,,
806,Γαλατῶν,Γαλάται,,,,n-p---mg-,,,,,,,,,,,,,,,,,,,,
807,Νομάδας,,,Νομάς,,n-p---ma-,,,,,,,,,,,,,,,,,,,,
812,Ὀξύνταν,Ὀξύντης,,,,n-s---ma-,,,,,,,,,,,,,,,,,,,,
814,Ἰογόρθου,,,Ἰογόρθης,,n-s---mg-,,,,,,,,,,,,,,,,,,,,
815,Νομάδων,Νομάς,,,,n-p---mg-,,,,,,,,,,,,,,,,,,,,
826,Νομάσι,,,Νομάς,,n-p---md-,,,,,,,,,,,,,,,,,,,,
830,ὑπόπτους,ὕποπτος,,,,a-p---ma-,,,,,,,,,,,,,,,,,,,,
844,Κανύσιοι,Κανύσιος,,,,n-p---mn-,,,,,,,,,,,,,,,,,,,,
849,ἐξεπολιόρκει,ἐκπολιορκέω,,,,v3siia---,,,,,,,,,,,,,,,,,,,,
857,ἀπʼ,ἀπό,,,,r--------,,,,,,,,,,,,,,,,,,,,
858,ἐπήγνυντο,πήγνυμι,,,,v3piie---,,,,,,,,,,,,,,,,,,,,
859,ἀντεστρατοπέδευε,ἀντιστρατοπεδεύω,,,,v3siia---,,,,,,,,,,,,,,,,,,,,
869,ἕῳ,ἠώς,,,,n-s---fd-,,,,,,,,,,,,,,,,,,,,
871,ὑπεριδὼν,,,ὑπεροράω,,v-sapamn-,,,,,,,,,,,,,,,,,,,,
873,ἐνέδρας,ἐνέδρα,,,,n-p---fa-,n-s---fg-,,,,,,,,,,,,,,,,,,,
877,κατῶσεν,κατωθέω,,,,v3saia---,,,,,,,,,,,,,,,,,,,,
884,ἀπέθανε,,,ἀποθνῄσκω,,v3saia---,,,,,,,,,,,,,,,,,,,,
894,περάσας,,,περάω,,v-sapamn-,,,,,,,,,,,,,,,,,,,,
904,ἀποροῦντα,,,,,v-sppama-,,,,ἀπορέω,,,,,,,,,,,,,,,,
907,ἕω,ἠώς,,,,n-s---fa-,,,,,,,,,,,,,,,,,,,,
919,ἠγέρθη,ἐγείρω,,ἀγείρω,,v3saip---,,,,,,,,,,,,,,,,,,,,
920,τοῦδε,ὅδε,,,,p-s---ng-,a-s---ng-,a-s---mg-,,,,,,,,,,,,,,,,,,
921,ἀποθνῄσκοντας,,,ἀποθνῄσκω,,v-pppama-,,,,,,,,,,,,,,,,,,,,
924,ἂν,,,ἄν,,d--------,,,,,ἐάν,,,,,,,,,,,,,,,
925,θάνωσι,,,θνῄσκω,,v3pasa---,,,,,,,,,,,,,,,,,,,,
939,διαδραμεῖν,διατρέχω,,,,v--ana---,,,,,,,,,,,,,,,,,,,,
940,ἀρχαιρέσια,ἀρχαιρέσια,,,,n-p---na-,,,,,,,,,,,,,,,,,,,,
956,καθάπερ,,,καθάπερ,,d--------,c--------,,,,,,,,,,,,,,,,,,,
959,ἐσθῆσι,,,ἐσθής,,n-p---nd-,,,,,,,,,,,,,,,,,,,,
975,ἔρημον,ἐρῆμος,,,,a-s---na-,,,,,,,,,,,,,,,,,,,,
976,ἄρχοντος,ἄρχων,,ἄρχω,,n-s---mg-,,,,,,,,,,,,,,,,,,,,
984,κατοψόμενος,καθοράω,,,,v-sfpmmn-,,,,,,,,,,,,,,,,,,,,
993,προσέζευξεν,προσζεύγνυμι,,,,v3saia---,,,,,,,,,,,,,,,,,,,,
994,τρισμυρίων,τρισμύριοι,,,,a-p---mg-,,,,,,,,,,,,,,,,,,,,
996,διεξιών,διέξειμι,,,,v-sppamn-,,,,,,,,,,,,,,,,,,,,
999,προσπεσόντος,,,προσπίπτω,,v-sapamg-,,,,,,,,,,,,,,,,,,,,
1000,Ἐγνατίου,,,Ἐγνάτιος,,n-s---mg-,,,,,,,,,,,,,,,,,,,,
1001,περιωσθεὶς,περιωθέω,,,,v-sappmn-,,,,,,,,,,,,,,,,,,,,
1010,πλέον,,,πολύς,,a-s---nac,,,,,,,,,,,,,,,,,,,,
1013,Τεανὸν,Τεανὸν,,Τεανός,,n-s---na-,,,,,,,,,,,,,,,,,,,,
1023,μετῄει,μέτειμι,,,,v3siia---,,,,,,,,,,,,,,,,,,,,
1030,Μάρσους,,,Μάρσος,,n-p---ma-,,,,,,,,,,,,,,,,,,,,
1034,συντόνως,σύντονος,,,,d--------,,,,,,,,,,,,,,,,,,,,
1039,ἐμπεσεῖν,,,ἐμπίπτω,,v--ana---,,,,,,,,,,,,,,,,,,,,
1042,κακοπαθῶς,κακοπαθής,,,,d--------,,,,,,,,,,,,,,,,,,,,
1048,θάτερα,ἕτερος,,,,a-p---na-,,,,,,,,,,,,,,,,,,,,
1054,Μάρσων,,,Μάρσος,,n-p---mg-,,,,,,,,,,,,,,,,,,,,
1069,ἐπιέναι,ἔπειμι,,,,v--pna---,,,,,,,,,,,,,,,,,,,,
1072,μη,μή,,,,d--------,,,,,,,,,,,,,,,,,,,,
1080,λεγόμενον,,,λέγω,,v-sppenn-,,,,,,,,,,,,,,,,,,,,
1104,ἐπῄει,ἔπειμι,,,,v3siia---,,,,,,,,,,,,,,,,,,,,
1107,πονουμένοιν,,,πονέω,,v-dppemg-,,,,,,,,,,,,,,,,,,,,
1111,τοῦθʼ,οὗτος,,,,p-p---na-,,,,,,,,,,,,,,,,,,,,
1112,κατιδόντες,,,καθοράω,,v-papamn-,,,,,,,,,,,,,,,,,,,,
1114,ἀκόσμως,ἄκοσμος,,,,d--------,,,,,,,,,,,,,,,,,,,,
1116,ἐπεπτώκει,πίπτω,,ἐπιπίπτω,,v3slia---,,,,,,,,,,,,,,,,,,,,
1119,ἐπελθὼν,ἐπέρχομαι,,,,v-sapamn-,,,,,,,,,,,,,,,,,,,,
1125,ἠπείγετο,ἐπείγω,,,,v3siie---,,,,,,,,,,,,,,,,,,,,
1131,ἴδωσι,,,ὁράω,,v3pasa---,,,,,,,,,,,,,,,,,,,,
1132,πόρρωθεν,πρόσωθεν,,,,d--------,,,,,,,,,,,,,,,,,,,,
1133,ἐπιόντα,ἔπειμι,,,,v-sppama-,,,,,,,,,,,,,,,,,,,,
1135,περικαθημένους,περικάθημαι,,,,v-pppmma-,,,,,,,,,,,,,,,,,,,,
1147,περιέσεσθαι,περίειμι,,,,v--fnm---,,,,,,,,,,,,,,,,,,,,
1153,ἱερῷ,ἱερόν,,ἱερός,,n-s---nd-,,,,,,,,,,,,,,,,,,,,
1154,πυρὰν,,,πυρά,,n-s---fa-,,,,,,,,,,,,,,,,,,,,
1155,νήσας,νέω,,,,v-sapamn-,,,,,,,,,,,,,,,,,,,,
1158,πυρᾷ,,,πυρά,,n-s---fd-,,,,,,,,,,,,,,,,,,,,
1161,προϊόντος,πρόειμι,,,,v-sppamg-,,,,,,,,,,,,,,,,,,,,
1162,πότου,,,πότος,,n-s---mg-,,,,,,,,,,,,,,,,,,,,
1166,πυρᾶς,,,πυρά,,n-s---fg-,,,,,,,,,,,,,,,,,,,,
1172,ἀποθανεῖν,,,ἀποθνῄσκω,,v--ana---,,,,,,,,,,,,,,,,,,,,
1174,ἐξήκοντος,ἐξήκω,,,,v-sppamg-,,,,,,,,,,,,,,,,,,,,
1179,ἐπέδραμεν,ἐπιτρέχω,,,,v3saia---,,,,,,,,,,,,,,,,,,,,
1183,ποι,ποι,,,,d--------,,,,,,,,,,,,,,,,,,,,
1189,ἀποθνῄσκων,,,ἀποθνῄσκω,,v-sppamn-,,,,,,,,,,,,,,,,,,,,
1197,Τυρρηνοὶ,,,Τυρρηνός,,n-p---mn-,,,,,,,,,,,,,,,,,,,,
1218,ἐψηφίσατο,,,ψηφίζω,,v3saie---,,,,,,,,,,,,,,,,,,,,
1230,πολεμοῦντας,πολεμόω,,πολεμέω,,v-pppama-,,,,,,,,,,,,,,,,,,,,
1234,πραοτέρους,πρᾶος,,,,a-p---mac,,,,,,,,,,,,,,,,,,,,
1270,ὁδὸν,,,ὁδός,,n-s---fa-,,,,,,,,,,,,,,,,,,,,
1273,Τυρρηνίαν,,,Τυρρηνία,,n-s---fa-,,,,,,,,,,,,,,,,,,,,
1288,Μάρσοις,,,Μάρσος,,n-p---md-,,,,,,,,,,,,,,,,,,,,
1291,Πομπαῖα,πομπαῖος,,,,a-p---na-,,,,,,,,,,,,,,,,,,,,
1294,καταφρονητικῶς,καταφρονητικός,,,,d--------,,,,,,,,,,,,,,,,,,,,
1297,παρεστρατοπέδευε,παραστρατοπεδεύω,,,,v3siia---,,,,,,,,,,,,,,,,,,,,
1303,ἐπέδραμε,ἐπιτρέχω,,,,v3saia---,,,,,,,,,,,,,,,,,,,,
1305,ἡττώμενος,ἡσσάομαι,,,,v-sppemn-,,,,,,,,,,,,,,,,,,,,
1310,πορρωτέρω,πρόσω,,,,d--------,,,,,,,,,,,,,,,,,,,,
1314,συνιόντων,σύνειμι,,,,v-pppamg-,,,,,,,,,,,,,,,,,,,,
1325,ἐκπλαγέντες,ἐκπλάσσω,,,,v-pappmn-,,,,,,,,,,,,,,,,,,,,
1335,τρισμυρίους,τρισμύριοι,,,,a-p---ma-,,,,,,,,,,,,,,,,,,,,
1342,συνεσπέσοιεν,συνεισπίπτω,,,,v3paoa---,,,,,,,,,,,,,,,,,,,,
1346,ἔπεσε,,,πίπτω,,v3saia---,,,,,,,,,,,,,,,,,,,,
1351,Αἰκουλάνῳ,Αἰκούλανον,,,,n-s---nd-,,,,,,,,,,,,,,,,,,,,
1352,Λευκανοὺς,Λευκανός,,,,n-p---ma-,,,,,,,,,,,,,,,,,,,,
1363,ἀν,ἀνά,,,,r--------,,,,,,,,,,,,,,,,,,,,
1378,Ἱρπίνων,Ἱρπινοί,,,,n-p---mg-,,,,,,,,,,,,,,,,,,,,
1389,προσπεσὼν,,,προσπίπτω,,v-sapamn-,,,,,,,,,,,,,,,,,,,,
1396,ἐξελὼν,ἐξαιρέω,,,,v-sapamn-,,,,,,,,,,,,,,,,,,,,
1400,ἀποστάντων,ἀφίστημι,,,,v-papamg-,,,,,,,,,,,,,,,,,,,,
1404,Βουάνων,Βουανός,,,,n-p---mg-,,,,,,,,,,,,,,,,,,,,
1423,ἐπιόντος,ἔπειμι,,,,v-sppamg-,,,,,,,,,,,,,,,,,,,,
1427,Μαρρουκίνους,Μαρρουκινοί,,,,n-p---ma-,,,,,,,,,,,,,,,,,,,,
1428,Οὐηστίνους,Οὐηστῖνοι,,,,n-p---ma-,,,,,,,,,,,,,,,,,,,,
1432,Κάννας,,,Κάνναι,,n-p---fa-,,,,,,,,,,,,,,,,,,,,
1437,ἐπελθοῦσιν,ἐπέρχομαι,,,,v-papamd-,,,,,,,,,,,,,,,,,,,,
1439,ἐγκρατῶς,ἐγκρατής,,,,d--------,,,,,,,,,,,,,,,,,,,,
1442,ἐλαττούμενος,ἐλασσόω,,,,v-sppemn-,,,,,,,,,,,,,,,,,,,,
1446,περᾶν,,,περάω,,v--pna---,,,,,,,,,,,,,,,,,,,,
1448,περάσειεν,,,περάω,,v3saoa---,,,,,,,,,,,,,,,,,,,,
1458,Λαριναίων,Λαριναῖος,,,,n-p---mg-,,,,,,,,,,,,,,,,,,,,
1459,Οὐενουσίων,Οὐενούσιοι,,,,n-p---mg-,,,,,,,,,,,,,,,,,,,,
1460,Ἀσκλαίων,Ἀσκλαῖος,,,,n-p---mg-,,,,,,,,,,,,,,,,,,,,
1462,ἐπιδραμὼν,ἐπιτρέχω,,,,v-sapamn-,,,,,,,,,,,,,,,,,,,,
1463,Ποιδίκλους,,,Ποιδίκλοι,,n-p---mg-,,,,,,,,,,,,,,,,,,,,
1481,προσεχώρησεν,προσχωρέω,,,,v3saia---,,,,,,,,,,,,,,,,,,,,
1489,προτυχοῦσιν,προτυγχάνω,,,,v-papamd-,,,,,,,,,,,,,,,,,,,,
1493,ἀναμεμιγμένοι,ἀναμίγνυμι,,,,v-prpemn-,,,,,,,,,,,,,,,,,,,,
1506,προσοφλεῖν,προσοφλισκάνω,,,,v--ana---,,,,,,,,,,,,,,,,,,,,
1517,κίχρασθαι,κιχράω,,,,v--pne---,,,,,,,,,,,,,,,,,,,,
1532,ἐκτίσειν,ἐκτίνω,,,,v--fna---,,,,,,,,,,,,,,,,,,,,
1536,προσέκειτο,πρόσκειμαι,,,,v3siie---,,,,,,,,,,,,,,,,,,,,
1547,ἔθυε,,,θύω,,v3siia---,,,,,,,,,,,,,,,,,,,,
1548,Διοσκούροις,Διόσκοροι,,,,n-p---md-,,,,,,,,,,,,,,,,,,,,
1551,περιστάντος,περιίστημι,,,,v-sppang-,,,,,,,,,,,,,,,,,,,,
1558,ἱερὸν,ἱερόν,,ἱερός,,n-s---na-,,,,,,,,,,,,,,,,,,,,
1562,ἱεροῦ,ἱερόν,,ἱερός,,n-s---ng-,,,,,,,,,,,,,,,,,,,,
1564,τι,τις,,,,a-s---na-,p-s---na-,a-s---nn-,p-s---nn-,,,,,,,,,,,,,,,,,
1565,πανδοχεῖον,πανδοκεῖον,,,,n-s---na-,,,,,,,,,,,,,,,,,,,,
1571,ἐσέδραμον,εἰστρέχω,,,,v3paia---,,,,,,,,,,,,,,,,,,,,
1575,στρατηγῶν,στρατηγέω,,στρατηγός,,v-sppamn-,,,,στρατηγός,,,,,,,,,,,,,,,,
1577,ἱερὰν,ἱερά,,ἱερός,,n-s---fa-,,,,,,,,,,,,,,,,,,,,
1584,ἱεροῖς,ἱερόν,,ἱερός,,n-p---nd-,,,,,,,,,,,,,,,,,,,,
1587,τίς,τις,,,,p-s---mn-,,,,,,,,,,,,,,,,,,,,
1606,συνεπλέκοντο,συμπλέκω,,,,v3piie---,,,,,,,,,,,,,,,,,,,,
1612,εὐθὺς,,,εὐθύς,,d--------,,,,,,,,,,,,,,,,,,,,
1615,ἥδε,ὅδε,,,,p-s---fn-,,,,,,,,,,,,,,,,,,,,
1617,ἐπειδὴ,,,ἐπειδή,,c--------,,,,,,,,,,,,,,,,,,,,
1621,Βιθυνίαν,,,Βιθυνία,,n-s---fa-,,,,,,,,,,,,,,,,,,,,
1625,ἐνέβαλεν,ἐμβάλλω,,,,v3saia---,,,,,,,,,,,,,,,,,,,,
1627,εἴρηται,,,,,v3srie---,,,,λέγω,,,,,,,,,,,,,,,,
1632,Μιθριδατείου,Μιθριδάτειος,,,,a-s---mg-,,,,,,,,,,,,,,,,,,,,
1636,ὑπηγάγετό,ὑπάγω,,,,v3saim---,,,,,,,,,,,,,,,,,,,,
1640,ἐπήλπιζεν,ἐπελπίζω,,,,v3siia---,,,,,,,,,,,,,,,,,,,,
1643,προλέγων,,,προλέγω,,v-sppamn-,,,,,,,,,,,,,,,,,,,,
1648,χρησόμενος,χράω,,,,v-sfpmmn-,,,,,,,,,,,,,,,,,,,,
1674,εἴωθε,ἔθω,,,,v3sria---,,,,,,,,,,,,,,,,,,,,
1681,ἀγορὰν,ἀγορά,,,,n-s---fa-,,,,,,,,,,,,,,,,,,,,
1688,δέοι,,,δέω,,v3spoa---,,,,,,,,,,,,,,,,,,,,
1689,ἕτοιμα,ἑτοῖμος,,,,a-p---nn-,,,,,,,,,,,,,,,,,,,,
1712,λέγοντα,,,λέγω,,v-sppama-,,,,,,,,,,,,,,,,,,,,
1722,πώ,πω,,,,d--------,,,,,,,,,,,,,,,,,,,,
1727,ἀποστάντος,ἀφίστημι,,,,v-sapamg-,,,,,,,,,,,,,,,,,,,,
1732,πυθόμενος,,,πυνθάνομαι,,v-spppmn-,,,,,,,,,,,,,,,,,,,,
1739,ὀρεγόμενόν,ὀρέγω,,,,v-sppema-,,,,,,,,,,,,,,,,,,,,
1746,σαφὲς,σαφής,,,,a-s---na-,,,,,,,,,,,,,,,,,,,,
1751,πω,πω,,,,d--------,,,,,,,,,,,,,,,,,,,,
1752,λέγειν,,,λέγω,,v--pna---,,,,,,,,,,,,,,,,,,,,
1753,τοιοῦδε,τοιόσδε,,,,a-s---mg-,,,,,,,,,,,,,,,,,,,,
1755,ἑτοίμοις,ἑτοῖμος,,,,a-p---md-,,,,,,,,,,,,,,,,,,,,
1759,ἀποτύχοιεν,ἀποτυγχάνω,,,,v3paoa---,,,,,,,,,,,,,,,,,,,,
1760,ἀπεγύμνουν,ἀπογυμνόω,,,,v3piia---,,,,,,,,,,,,,,,,,,,,
1768,ἓξ,ἓξ,,,,m--------,,,,,,,,,,,,,,,,,,,,
1772,ταμίου,,,ταμίας,,n-s---mg-,,,,,,,,,,,,,,,,,,,,
1773,διέδρασαν,διαδιδράσκω,,,,v3paia---,,,,,,,,,,,,,,,,,,,,
1774,ὑφιστάμενοι,ὑφίστημι,,,,v-pppemn-,,,,,,,,,,,,,,,,,,,,
1776,ὁδῷ,,,ὁδός,,n-s---md-,,,,,,,,,,,,,,,,,,,,
1779,τί,τις,,,,p-s---na-,,,,,,,,,,,,,,,,,,,,
1784,τυραννούντων,τυραννεύω,,,,v-pppamg-,,,,,,,,,,,,,,,,,,,,
1792,θέλοιεν,,,θέλω,,v3ppoa---,,,,,,,,,,,,,,,,,,,,
1806,δεόμενοι,δέω,,,,v-pppemn-,,,,,,,,,,,,,,,,,,,,
1812,παρόντων,πάρειμι,,,,v-pppang-,,,,,,,,,,,,,,,,,,,,
1815,ἀπιοῦσιν,ἄπειμι,,,,v-pppamd-,,,,,,,,,,,,,,,,,,,,
1817,Αἰσκυλείας,Αἰσκύλειος,,,,a-p---fa-,,,,,,,,,,,,,,,,,,,,
1822,Κολλίνας,Κολλῖνος,,,,a-p---fa-,,,,,,,,,,,,,,,,,,,,
1828,διαδοχὴν,διαδοχή,,,,n-s---fa-,,,,,,,,,,,,,,,,,,,,
1843,Αἰσκύλειον,Αἰσκύλειος,,,,a-s---na-,,,,,,,,,,,,,,,,,,,,
1846,γίγνεταί,γίγνομαι,,,,v3spie---,,,,,,,,,,,,,,,,,,,,
1847,ἀγὼν,ἀγών,,,,n-s---mn-,,,,,,,,,,,,,,,,,,,,
1849,ἀπροφασίστως,ἀπρόφατος,,,,d-------s,,,,,,,,,,,,,,,,,,,,
1858,αἰδοῖ,,,αἰδώς,,n-s---fd-,,,,,,,,,,,,,,,,,,,,
1867,νεαλεῖς,,,νεαλεής,,a-p---ma-,,,,,,,,,,,,,,,,,,,,
1876,ἀκμῆτας,ἀκμής,,,,n-p---ma-,,,,,,,,,,,,,,,,,,,,
1877,ἀσθενῶς,ἀσθενής,,,,d--------,,,,,,,,,,,,,,,,,,,,
1891,προσιόντος,πρόσειμι,,,,v-sppamg-,,,,,,,,,,,,,,,,,,,,
1895,λεγομένην,,,λέγω,,v-sppefa-,,,,,,,,,,,,,,,,,,,,
1896,Ἱερὰν,Ἱερή,,,,n-s---fa-,,,,,,,,,,,,,,,,,,,,
1903,διενυκτέρευεν,διανυκτερεύω,,,,v3siia---,,,,,,,,,,,,,,,,,,,,
1942,ὀλιγανθρωπότατον,ὀλιγάνθρωπος,,,,a-s---nas,,,,,,,,,,,,,,,,,,,,
1952,φιλονικίας,φιλονεικία,,,,n-s---fg-,,,,,,,,,,,,,,,,,,,,
1962,ἔληξαν,λήγω,,,,v3paia---,,,,,,,,,,,,,,,,,,,,
1965,ἐσβολαὶ,εἰσβολή,,,,n-p---fn-,,,,,,,,,,,,,,,,,,,,
1972,ἐμποδὼν,ἐμποδών,,,,d--------,,,,,,,,,,,,,,,,,,,,
1981,Κοίντον,Κοίντος,,,,n-s---ma-,,,,,,,,,,,,,,,,,,,,
1983,Ἀλβινοουανὸν,,,Ἀλβινοουανός,,n-s---ma-,,,,,,,,,,,,,,,,,,,,
1987,διεπεφεύγεσαν,διαφεύγω,,,,v3plia---,,,,,,,,,,,,,,,,,,,,
1991,ἐψήφιστο,,,ψηφίζω,,v3slie---,,,,,,,,,,,,,,,,,,,,
2001,ἔκτειναν,ἐκτείνω,,κτείνω,,v3paia---,,,,,,,,,,,,,,,,,,,,
2002,Μιντούρνας,Μιντοῦρναι,,,,n-p---fa-,,,,,,,,,,,,,,,,,,,,
2004,ἔρημος,ἐρῆμος,,,,a-s---mn-,,,,,,,,,,,,,,,,,,,,
2026,προσιόντα,πρόσειμι,,,,v-sppama-,,,,,,,,,,,,,,,,,,,,
2033,φλόγα,φλόξ,,,,n-s---fa-,,,,,,,,,,,,,,,,,,,,
2035,ὑπανιστάμενος,,,ὑπανίστημι,,v-sppemn-,,,,,,,,,,,,,,,,,,,,
2037,ἐνεβόησε,ἐμβοάω,,,,v3saia---,,,,,,,,,,,,,,,,,,,,
2038,παμμέγεθες,παμμεγέθης,,,,a-s---na-,,,,,,,,,,,,,,,,,,,,
2049,ἄρχουσιν,ἄρχω,,ἄρχων,,v-pppamd-,,,,,,,,,,,,,,,,,,,,
2052,ἐνέπιπτέ,ἐμπίπτω,,,,v3siia---,,,,,,,,,,,,,,,,,,,,
2063,νεοττοὺς,νεοσσός,,,,n-p---ma-,,,,,,,,,,,,,,,,,,,,
2064,ἑπτὰ,,,ἑπτά,,m--------,,,,,,,,,,,,,,,,,,,,
2069,μεγίστης,μέγας,,,,a-s---fgs,,,,,,,,,,,,,,,,,,,,
2071,ταῦτʼ,οὗτος,,,,p-p---na-,,,,,,,,,,,,,,,,,,,,
2072,Μιντούρνης,Μιντοῦρναι,,,,n-s---fg-,,,,,,,,,,,,,,,,,,,,
2073,ἔνθουν,,,ἔνθους,,a-s---ma-,,,,,,,,,,,,,,,,,,,,
2081,σῴζεσθαι,,,σῴζω,,v--pne---,,,,,,,,,,,,,,,,,,,,
2085,ὁδοὺς,,,ὁδός,,n-p---fa-,,,,,,,,,,,,,,,,,,,,
2087,ἠλᾶτο,ἀλάομαι,,,,v3siie---,,,,,,,,,,,,,,,,,,,,
2089,ἐπιτυχὼν,ἐπιτυγχάνω,,,,v-sapamn-,,,,,,,,,,,,,,,,,,,,
2096,σκάφος,,,σκάφος,,n-s---na-,,,,,,,,,,,,,,,,,,,,
2100,βιασάμενος,βιάω,,βιάζω,,v-sapmmn-,,,,,,,,,,,,,,,,,,,,
2102,ἐσήλατο,εἰσάλλομαι,,,,v3saim---,,,,,,,,,,,,,,,,,,,,
2112,νεὼς,ναῦς,,,,n-s---fg-,,,,,,,,,,,,,,,,,,,,
2115,ἐπέρα,περάω,,,,v3siia---,,,,,,,,,,,,,,,,,,,,
2116,εἰργόμενος,ἔργω,,,,v-sppemn-,,,,,,,,,,,,,,,,,,,,
2119,Σεξστιλίου,Σεξτίλιος,,,,n-s---mg-,,,,,,,,,,,,,,,,,,,,
2124,ἄνω,,,ἄνω,,d--------,,,,,,,,,,,,,,,,,,,,
2126,θαλασσεύνοτι,θαλασσεύω,,,,v-sppamd-,,,,,,,,,,,,,,,,,,,,
2130,συγκατεγνωσμένων,,,συγκαταγιγνώσκω,,v-prpemg-,,,,,,,,,,,,,,,,,,,,
2131,Κέθηγός,,,Κέθηγος,,n-s---mn-,,,,,,,,,,,,,,,,,,,,
2133,Ἀλβινοουανὸς,Ἀλβινοουανὸς,,,,n-s---mn-,,,,,,,,,,,,,,,,,,,,
2142,ἐπεπράχει,πράσσω,,,,v3slia---,,,,,,,,,,,,,,,,,,,,
2160,γύναια,γύναιον,,,,n-p---nn-,,,,,,,,,,,,,,,,,,,,
2166,ἀπέλειπον,,,ἀπολείπω,,v3piia---,,,,,,,,,,,,,,,,,,,,
2169,ἐνὸν,,,,,v-sppana-,,,,ἔνειμι,,,,,,,,,,,,,,,,
2170,περιόντων,,,περίειμι,,v-pppamg-,,,,,,,,,,,,,,,,,,,,
2173,ἐψηφισμένος,,,ψηφίζω,,v-srpemn-,,,,,,,,,,,,,,,,,,,,
2179,πυθόμενός,,,πυνθάνομαι,,v-spppmn-,,,,,,,,,,,,,,,,,,,,
2182,ἐσεδέξατο,εἰσδέχομαι,,,,v3saim---,,,,,,,,,,,,,,,,,,,,
2183,ἐπιούσης,ἔπειμι,,,,v-sppafg-,,,,,,,,,,,,,,,,,,,,
2194,παρανόμως,παράνομος,,,,d--------,,,,,,,,,,,,,,,,,,,,
2196,οὐδέ,,,οὐδέ,,,,,,,,,,,,,,,,,,,,,,
2197,οὔτε,,,οὔτε,,,,,,,,,,,,,,,,,,,,,,
2198,οὐδʼ,,,οὐδέ,,,,,,,,,,,,,,,,,,,,,,
2199,οὐδὲ,,,οὐδέ,,,,,,,,,,,,,,,,,,,,,,
2200,Παιλιγνοί,,,Παιλιγνός,,,,,,,,,,,,,,,,,,,,,,
2201,Φρεντανοί,,,Φρεντανός,,,,,,,,,,,,,,,,,,,,,,
2202,Πομπηιανοί,,,Πομπηιανός,,,,,,,,,,,,,,,,,,,,,,
2203,λοιπούς,,,λοιπός,,,,,,,,,,,,,,,,,,,,,,
2204,μεθ᾽,,,μετά,,,,,,,,,,,,,,,,,,,,,,
2205,δ᾽,,,δέ,,,,,,,,,,,,,,,,,,,,,,
2206,κατ᾽,,,κατά,,,,,,,,,,,,,,,,,,,,,,
2207,ἀπ᾽,,,ἀπό,,,,,,,,,,,,,,,,,,,,,,
2208,μετ᾽,,,μετά,,,,,,,,,,,,,,,,,,,,,,
2209,ὑπ᾽,,,ὑπό,,,,,,,,,,,,,,,,,,,,,,
2210,μηδὲ,,,μηδέ,,,,,,,,,,,,,,,,,,,,,,
2211,τοῦθ᾽,,,οὗτος,,,,,,,,,,,,,,,,,,,,,,
2212,Οὐιδακιλιος,,,Οὐιδακίλιος,,,,,,,,,,,,,,,,,,,,,,
2213,οὐδ᾽,,,οὐδέ,,,,,,,,,,,,,,,,,,,,,,
2214,ἀλλ᾽,,,ἀλλά,,,,,,,,,,,,,,,,,,,,,,
2215,πατρίς,,,πατρίς,,,,,,,,,,,,,,,,,,,,,,
2216,βασιλεύς,,,βασιλεύς,,,,,,,,,,,,,,,,,,,,,,
2217,ἀγοράν,,,ἀγορά,,,,,,,,,,,,,,,,,,,,,,
2218,μηδʼ,,,μηδέ,,,,,,,,,,,,,,,,,,,,,,
2219,ὀρεγόμενον,,,ὀρέγω,,,,,,,,,,,,,,,,,,,,,,
2220,αὑτόν,,,,,,,,,ἑαυτοῦ,,,,,,,,,,,,,,,,
2221,σαφές,,,,,,,,,σαφής,,,,,,,,,,,,,,,,
2222,διαδοχήν,,,,,,,,,διαδοχή,,,,,,,,,,,,,,,,
2223,γίγνεται,,,,,,,,,γίγνομαι,,,,,,,,,,,,,,,,
2224,ἀγών,,,,,,,,,ἀγών,,,,,,,,,,,,,,,,
2225,ταῦτ’,,,,,,,,,οὗτος,,,,,,,,,,,,,,,,
2226,ἐπιτυχών,,,ἐπιτυγχάνω,,,,,,,,,,,,,,,,,,,,,,
2227,δ’,,,,,,,,,δέ,,,,,,,,,,,,,,,,
2228,νεώς,,,,,,,,,ναῦς,,,,,,,,,,,,,,,,
2229,θαλασσεύνοντι,,,θαλασσεύω,,,,,,,,,,,,,,,,,,,,,,
2230,ἑκών,,,ἑκών,,,,,,,,,,,,,,,,,,,,,,
