,@form,gorman_lemma_1,gorman_lemma_2,gpt_lemma_1,gpt_lemma_2,gpt_lemma_3,postag_1,postag_2,postag_3,postag_4,lemma_pedalion_1,lemma_pedalion_2,lemma_pedalion_3,lemma_pedalion_4,lemma_pedalion_5,lemma_pedalion_6,lemma_pedalion_7,lemma_pedalion_8,lemma_pedalion_9,lemma_pedalion_10,lemma_pedalion_11,lemma_pedalion_12,lemma_pedalion_13,lemma_pedalion_14,lemma_pedalion_15,lemma_pedalion_16,lemma_pedalion_17
15,ἢ,,,ἤ,,,d--------,c--------,,,,,,,,,,,,,,,,,,,
16,γῆς,γῆ,,,,,n-s---fg-,,,,,,,,,,,,,,,,,,,,
17,διαδατουμένης,διαδατέομαι,,,,,v-sppefg-,,,,,,,,,,,,,,,,,,,,
24,χειρῶν,χειρόω,,χείρ,,,v-sppann-,v-sppamn-,,,,,,,,,,,,,,,,,,,
36,αἰδοῦς,,αἰδώς,,,,n-s---fg-,,,,,,,,,,,,,,,,,,,,
42,ποτε,ποτέ,,,,,d--------,,,,,,,,,,,,,,,,,,,,
46,ἐμπεσὼν,,,ἐμπίπτω,,,v-sapamn-,,,,,,,,,,,,,,,,,,,,
48,ἐχρήσατο,,,,,,v3saim---,,,,χράω,,,,,,,,,,,,,,,,
51,παροῦσιν,,,,,,v-pppand-,,,,πάρειμι,,,,,,,,,,,,,,,,
52,ἀλλʼ,ἀλλά,,,,,c--------,d--------,,,,,,,,,,,,,,,,,,,
55,ἐκδραμών,ἐκτρέχω,,,,,v-sapamn-,,,,,,,,,,,,,,,,,,,,
57,τοῦδε,ὅδε,,,,,p-s---ng-,p-s---mg-,a-s---ng-,,,,,,,,,,,,,,,,,,
58,κλῃζόμενον,κλῄζω,,,,,v-sppena-,,,,,,,,,,,,,,,,,,,,
59,ἱερόν,ἱερόν,,ἱερός,,,n-s---na-,,,,,,,,,,,,,,,,,,,,
61,-δὲ,δέ,,,,,c--------,d--------,,,,,,,,,,,,,,,,,,,
65,προστάτιν,προστάτις,,,,,n-s---fa-,,,,,,,,,,,,,,,,,,,,
69,κώλυσιν,,,κώλυσις,,,n-s---fa-,,,,,,,,,,,,,,,,,,,,
88,φιλονεικότερον,φιλόνεικος,,,,,a-s---nac,,,,,,,,,,,,,,,,,,,,
98,ἑκάτεροι,ἑκάτερος,,,,,a-p---mn-,,,,,,,,,,,,,,,,,,,,
102,Κοριολανὸς,Κοριολανὸς,,,,,n-s---mn-,,,,,,,,,,,,,,,,,,,,
103,ταῖσδε,ὅδε,,,,,a-p---fd-,,,,,,,,,,,,,,,,,,,,
108,Οὐολούσκους,Οὐόλουσκος,,,,,n-p---ma-,,,,,,,,,,,,,,,,,,,,
115,ἄν,,,ἄν,,,d--------,,,,ἐάν,,,,,,,,,,,,,,,,
121,τοῦθʼ,οὗτος,,,,,p-s---na-,,,,,,,,,,,,,,,,,,,,
147,εἱλούμενοι,εἴλω,,,,,v-pppemn-,,,,,,,,,,,,,,,,,,,,
150,νεὼν,ναός,,,,,n-s---ma-,,,,,,,,,,,,,,,,,,,,
159,σαφῶς,σαφής,,,,,d--------,,,,,,,,,,,,,,,,,,,,
168,ἱεροῖς,ἱερόν,,ἱερός,,,n-p---nd-,,,,,,,,,,,,,,,,,,,,
171,δημάρχων,δήμαρχος,,,,,n-p---mg-,,,,,,,,,,,,,,,,,,,,
181,διʼ,διά,,,,,r--------,,,,,,,,,,,,,,,,,,,,
186,προιόντος,πρόειμι,,,,,v-sppang-,,,,,,,,,,,,,,,,,,,,
189,τοῦ,ὁ,ὅς,,,,l-s---ng-,l-s---mg-,p-s---ng-,,,,,,,,,,,,,,,,,,
191,ἐπαναστάσεις,ἐπανάστασις,,,,,n-p---fn-,,,,,,,,,,,,,,,,,,,,
204,φιλονικούντων,φιλονεικέω,,,,,v-pppamg-,,,,,,,,,,,,,,,,,,,,
209,στασίαρχοι,στασίαρχος,,,,,a-p---mn-,,,,,,,,,,,,,,,,,,,,
211,οἱ,ὁ,ἕ,,,,l-p---mn-,p3s---md-,,,,,,,,,,,,,,,,,,,
216,σφίσιν,σφεῖς,,,,,p3p---md-,,,,,,,,,,,,,,,,,,,,
220,σφᾶς,σφεῖς,,,,,p3p---ma-,,,,,,,,,,,,,,,,,,,,
223,κατʼ,κατά,,,,,r--------,,,,,,,,,,,,,,,,,,,,
248,ἐνίων,ἔνιοι,,,,,a-p---mg-,,,,,,,,,,,,,,,,,,,,
254,ἀπῆν,,,ἄπειμι,,,v3siia---,,,,,,,,,,,,,,,,,,,,
256,στασιάρχων,στασίαρχος,,,,,a-p---mg-,,,,,,,,,,,,,,,,,,,,
294,ἐπειπεῖν,,,,,,v--ana---,,,,ἐπιλέγω,,,,,,,,,,,,,,,,
295,ὅτι,,,ὅτι,,,c--------,,,,,ὅστις,,,,,,,,,,,,,,,
297,εὐθύνας,εὔθυνα,,,,,n-p---fa-,,,,,,,,,,,,,,,,,,,,
298,ὑφέξει,ὑπέχω,,,,,v3sfia---,,,,,,,,,,,,,,,,,,,,
315,εὐθυνῶν,εὔθυνα,,,,,n-p---fg-,,,,,,,,,,,,,,,,,,,,
335,ἀνερριπίζετο,,,ἀναρριπίζω,,,v3siie---,,,,,,,,,,,,,,,,,,,,
340,Γαλατίᾳ,,,Γαλατία,,,n-s---fd-,,,,,,,,,,,,,,,,,,,,
363,ὁμοίως,ὅμοιος,,,,,d--------,,,,,,,,,,,,,,,,,,,,
367,Γαλατίας,,,Γαλατία,,,n-s---fg-,,,,,,,,,,,,,,,,,,,,
395,μέγιστον,μέγας,,,,,a-s---mas,a-s---nas,,,,,,,,,,,,,,,,,,,
398,μεγαλουργίαν,μεγαλοεργία,,,,,n-s---fa-,,,,,,,,,,,,,,,,,,,,
400,Μέγας,,,μέγας,,,n-s---mn-,,,,,,,,,,,,,,,,,,,,
404,κράτει,κρατέω,,,,,v3siia---,,,,,,,,,,,,,,,,,,,,
409,ἀντειπεῖν,,,,,,v--ana---,,,,ἀντιλέγω,,,,,,,,,,,,,,,,
426,κατέκανον,κατακαίνω,,,,,v3paia---,,,,,,,,,,,,,,,,,,,,
428,ἐμπειρότατον,ἔμπειρος,,,,,a-s---mas,,,,,,,,,,,,,,,,,,,,
429,ὅ,ὁ,ὅς,,,,l-s---mn-,p-s---na-,,,,,,,,,,,,,,,,,,,
436,περιιόντες,,,,,,v-pppamn-,,,,περίειμι,,,,,,,,,,,,,,,,
442,πυρᾷ,,,πυρά,,,n-s---fd-,,,,,,,,,,,,,,,,,,,,
443,θύουσιν,,,θύω,,,v3ppia---,,,,,,,,,,,,,,,,,,,,
445,θύοντες,,,θύω,,,v-pppamn-,,,,,,,,,,,,,,,,,,,,
455,ἀθρόως,ἀθρόος,,,,,d--------,,,,,,,,,,,,,,,,,,,,
467,φιλονικία,φιλονεικία,,,,,n-s---fn-,,,,,,,,,,,,,,,,,,,,
468,προιόντες,πρόειμι,,,,,v-pppamn-,,,,,,,,,,,,,,,,,,,,
477,οἵδε,ὅδε,,,,,a-p---mn-,p-p---mn-,,,,,,,,,,,,,,,,,,,
482,πρότερον,πρότερος,,,,,a-s---nac,a-s---mac,,,,,,,,,,,,,,,,,,,
494,συμπεσόντες,,,συμπίπτω,,,v-papamn-,,,,,,,,,,,,,,,,,,,,
495,εἰκὸς,ἔοικα,,,,,v-srpann-,,,,,,,,,,,,,,,,,,,,
498,προύχων,προέχω,,,,,v-sppamn-,,,,,,,,,,,,,,,,,,,,
499,Λέπιδον,,,Λέπιδος,,,n-s---na-,,,,,,,,,,,,,,,,,,,,
514,μεγίστοις,μέγας,,,,,a-p---nds,,,,,,,,,,,,,,,,,,,,
530,Σεβαστὸς,Σεβαστὸς,,,,,n-s---mn-,,,,,,,,,,,,,,,,,,,,
531,εὐθὺς,,,εὐθύς,,,d--------,,,,,,,,,,,,,,,,,,,,
533,περιών,,,,,,v-sppamn-,,,,περίειμι,,,,,,,,,,,,,,,,
540,Γαΐου,Γάιος,,,,,n-s---mg-,,,,,,,,,,,,,,,,,,,,
541,ἄρχοντα,ἄρχω,,ἄρχων,,,v-sppama-,,,,,,,,,,,,,,,,,,,,
548,δεηθείς,δέω,,,,,v-sappmn-,,,,,,,,,,,,,,,,,,,,
561,κατέλιπεν,,,καταλείπω,,,v3saia---,,,,,,,,,,,,,,,,,,,,
566,περιέστη,περιίστημι,,,,,v3saia---,,,,,,,,,,,,,,,,,,,,
572,ἐθέλουσιν,,,θέλω,,,v-pppamd-,,,,,,,,,,,,,,,,,,,,
573,ἰδεῖν,,,ὁράω,,,v--pna---,,,,,,,,,,,,,,,,,,,,
581,μυρίων,μυρίος,,,,,a-p---ng-,,,,,,,,,,,,,,,,,,,,
588,προαναγράψασθαι,,,προαναγράφω,,,v--anm---,,,,,,,,,,,,,,,,,,,,
594,Κλεοπάτρας,,,Κλεοπάτρα,,,n-s---fg-,,,,,,,,,,,,,,,,,,,,
609,δεικνύουσιν,δείκνυμι,,,,,v3ppia---,,,,,,,,,,,,,,,,,,,,
613,Ἄντώνιον,Ἄντώνιος,,,,,n-s---ma-,,,,,,,,,,,,,,,,,,,,
615,Κλεοπάτραν,,,Κλεοπάτρα,,,n-s---fa-,,,,,,,,,,,,,,,,,,,,
627,κληρούχους,κλήρουχος,,,,,n-p---ma-,,,,,,,,,,,,,,,,,,,,
632,δορικτήτου,δορίκτητος,,,,,a-s---fg-,,,,,,,,,,,,,,,,,,,,
634,ἐξειργασμένην,ἐξεργάζομαι,,,,,v-srpefa-,,,,,,,,,,,,,,,,,,,,
637,ἐπιδιῄρουν,ἐπιδιαιρέω,,,,,v3piia---,,,,,,,,,,,,,,,,,,,,
638,ἐπίπρασκον,πιπράσκω,,,,,v3piia---,,,,,,,,,,,,,,,,,,,,
640,ἀργὸν,,,ἀργός,,,a-s---fa-,,,,,,,,,,,,,,,,,,,,
642,ἐπλήθυεν,πληθύω,,,,,v3siia---,,,,,,,,,,,,,,,,,,,,
651,καρπῶν,,,καρπός,,,n-p---mg-,,,,,,,,,,,,,,,,,,,,
661,ζῴων,,,ζῷον,,,n-p---ng-,,,,,,,,,,,,,,,,,,,,
662,ἔπραττον,πράσσω,,,,,v3piia---,,,,,,,,,,,,,,,,,,,,
665,φερεπονωτάτου,φερέπονος,,,,,a-s---ngs,,,,,,,,,,,,,,,,,,,,
671,τ-,ὁ,,,,,l-s---na-,,,,,τε,,,,,,,,,,,,,,,
672,οὐναντίον,ἐναντίος,,,,,a-s---na-,,,,,,,,,,,,,,,,,,,,
673,περιῄει,περίειμι,,,,,v3siia---,,,,,,,,,,,,,,,,,,,,
681,οὔ,οὐ,,,,,d--------,,,,,,,,,,,,,,,,,,,,
685,ἀγχοῦ,ἀγχοῦ,,,,,d--------,,,,,,,,,,,,,,,,,,,,
690,πειθοῖ,πειθώ,,,,,n-s---fd-,,,,,,,,,,,,,,,,,,,,
707,κτήσεως,κτῆσις,,,,,n-s---fg-,,,,,,,,,,,,,,,,,,,,
719,ἐπλήθυε,πληθύω,,,,,v3siia---,,,,,,,,,,,,,,,,,,,,
738,-τε,τε,,,,,d--------,c--------,,,,,,,,,,,,,,,,,,,
751,πάντῃ,πάντῃ,,,,,d--------,,,,,,,,,,,,,,,,,,,,
755,τοσοῦδε,τοσόσδε,,,,,a-s---mg-,,,,,,,,,,,,,,,,,,,,
765,ποτὲ,ποτέ,,,,,d--------,,,,,,,,,,,,,,,,,,,,
772,μη,μη,μή,,,,d--------,,,,,,,,,,,,,,,,,,,,
780,οἳ,ὅς,ὁ,,,,p-p---mn-,l-p---mn-,,,,,,,,,,,,,,,,,,,
792,γῆν,,γῆ,,,,n-s---fa-,,,,,,,,,,,,,,,,,,,,
795,διαπεπράσεσθαι,διαπέρνημι,,,,,v--fnm---,,,,,,,,,,,,,,,,,,,,
804,τέλεον,τέλειος,,,,,a-s---na-,,,,,,,,,,,,,,,,,,,,
812,γνωριμώτατος,γνώριμος,,,,,a-s---mns,,,,,,,,,,,,,,,,,,,,
828,πιστῷ,,,πιστός,,,a-s---md-,,,,,,,,,,,,,,,,,,,,
835,κ-,καί,,,,,d--------,,,,,,,,,,,,,,,,,,,,
861,ἠνώχλει,ἐνοχλέω,,,,,v3siia---,,,,,,,,,,,,,,,,,,,,
871,προϊδόμενος,,,,,,v-sapmmn-,,,,προοράω,,,,,,,,,,,,,,,,
887,τάφους,,,τάφος,,,n-p---ma-,,,,,,,,,,,,,,,,,,,,
892,πατρῴοις,πατρῷος,,,,,a-p---md-,,,,,,,,,,,,,,,,,,,,
893,προῖκας,προίξ,,,,,n-p---fa-,,,,,,,,,,,,,,,,,,,,
902,ὅλως,ὅλος,,,,,d--------,,,,,,,,,,,,,,,,,,,,
907,ἀντωδύροντο,ἀντοδύρομαι,,,,,v3piie---,,,,,,,,,,,,,,,,,,,,
911,ἀπʼ,ἀπό,,,,,r--------,,,,,,,,,,,,,,,,,,,,
932,τοιαῦθʼ,τοιοῦτος,,,,,a-p---na-,,,,,,,,,,,,,,,,,,,,
937,ἀποίκοις,ἄποικος,,,,,a-p---fd-,,,,,,,,,,,,,,,,,,,,
942,ἐπῄεσαν,ἔπειμι,,,,,v3piia---,,,,,,,,,,,,,,,,,,,,
946,ἐξετραχύνοντο,ἐκτραχύνω,,,,,v3piie---,,,,,,,,,,,,,,,,,,,,
958,προσέπιπτεν,,,προσπίπτω,,,v3siia---,,,,,,,,,,,,,,,,,,,,
964,νοῦς,νόος,,,,,n-s---mn-,,,,,,,,,,,,,,,,,,,,
978,ἐνστάσης,ἐνίστημι,,,,,v-sapafg-,,,,,,,,,,,,,,,,,,,,
979,προεῖπεν,,,προλέγω,,,v3saia---,,,,,,,,,,,,,,,,,,,,
982,διηρώτα,διερωτάω,,,,,v3siia---,,,,,,,,,,,,,,,,,,,,
985,κοινῇ,,,κοινός,,,d--------,,,,,,,,,,,,,,,,,,,,
999,ἐπῄει,ἔπειμι,,,,,v3siia---,,,,,,,,,,,,,,,,,,,,
1002,διεξιών,διέξειμι,,,,,v-sppamn-,,,,,,,,,,,,,,,,,,,,
1018,ὑπερεπαίρων,ὑπερεπαίρω,,,,,v-sppamn-,,,,,,,,,,,,,,,,,,,,
1022,δέοι,δέω,,,,,v3spoa---,,,,,,,,,,,,,,,,,,,,
1025,χαρίσασθαι,χαρίζω,,,,,v--anm---,,,,,,,,,,,,,,,,,,,,
1030,ὑπεριδεῖν,,,,,,v--ana---,,,,ὑπεροράω,,,,,,,,,,,,,,,,
1032,πεπονημένης,πονέομαι,,,,,v-srpefg-,,,,,,,,,,,,,,,,,,,,
1036,ἐξαίρετον,,,ἐξαίρετος,,,a-s---fa-,,,,,,,,,,,,,,,,,,,,
1050,ἐχρῶντο,,χράω,,,,v3piie---,v3piim---,,,,,,,,,,,,,,,,,,,
1064,σιγᾶν,,,σιγάω,,,v--fna---,,,,,,,,,,,,,,,,,,,,
1066,ἐπιοῦσαν,ἔπειμι,,,,,v-sppafa-,,,,,,,,,,,,,,,,,,,,
1069,παραστησάμενος,παρίστημι,,,,,v-sapmmn-,,,,,,,,,,,,,,,,,,,,
1071,ἄκοντα,ἀέκων,,ἄκων,,,a-s---ma-,,,,,,,,,,,,,,,,,,,,
1072,βιασόμενος,βιάω,,βιάζω,,,v-sfpmmn-,,,,,,,,,,,,,,,,,,,,
1080,ἐσιώπα,σιωπάω,,,,,v3siia---,,,,,,,,,,,,,,,,,,,,
1085,ἱκανῶς,ἱκανός,,,,,d--------,,,,,,,,,,,,,,,,,,,,
1089,βουλῇ,βουλή,,,,,n-s---fd-,n-s---fd-,,,,,,,,,,,,,,,,,,,
1091,λεχθέν,,,λέγω,,,v-sappna-,,,,,,,,,,,,,,,,,,,,
1122,ἐδεῖτο,,,,,,v3siie---,,,,δέω,,,,,,,,,,,,,,,,
1123,μεταθέσθαι,μετατίθημι,,,,,v--ane---,,,,,,,,,,,,,,,,,,,,
1136,ὀκτωκαιδεκάτη,ὀκτωκαιδέκατος,,,,,a-s---fn-,,,,,,,,,,,,,,,,,,,,
1144,ἐνέκειτο,ἔγκειμαι,,,,,v3siie---,,,,,,,,,,,,,,,,,,,,
1145,ὁσιώτατον,ὅσιος,,,,,a-s---nas,,,,,,,,,,,,,,,,,,,,
1152,παρενδοῦναι,παρενδίδωμι,,,,,v--ana---,,,,,,,,,,,,,,,,,,,,
1157,περιιδεῖν,,,,,,v--ana---,,,,περιοράω,,,,,,,,,,,,,,,,
1159,λέγων,,,λέγω,,,v-sppamn-,,,,,,,,,,,,,,,,,,,,
1162,ἄκων,ἀέκων,,ἄκων,,,a-s---mn-,,,,,,,,,,,,,,,,,,,,
1165,ἀτιμοῦν,ἀτιμόω,,,,,v--pna---,,,,,,,,,,,,,,,,,,,,
1170,Κόιντος,,,Κόιντος,,,n-s---mn-,,,,,,,,,,,,,,,,,,,,
1172,ἀντʼ,,,,,,r--------,,,,ἀντί,,,,,,,,,,,,,,,,
1176,ἐκεχειροτόνηντο,χειροτονέω,,,,,v3plie---,,,,,,,,,,,,,,,,,,,,
1177,πρῶτοι,,,πρῶτος,,,a-p---mns,,,,,,,,,,,,,,,,,,,,
1188,ὣς,ὡς,,,,,d--------,,,,,,,,,,,,,,,,,,,,
1193,κατάρχοιτο,κατάρχω,,,,,v3spoe---,,,,,,,,,,,,,,,,,,,,
1204,ταῦθʼ,οὗτος,,,,,p-s---na-,,,,,,,,,,,,,,,,,,,,
1208,ταῦτʼ,οὗτος,,,,,p-p---na-,,,,,,,,,,,,,,,,,,,,
1225,μέλλον,μέλλω,,,,,v-sppana-,,,,,,,,,,,,,,,,,,,,
1247,περιιὼν,περίειμι,,,,,v-sppamn-,,,,,,,,,,,,,,,,,,,,
1254,πρῶται,,,πρῶτος,,,a-p---fns,,,,,,,,,,,,,,,,,,,,
1261,Ῥουβρίου,,,Ῥούβριος,,,n-s---mg-,,,,,,,,,,,,,,,,,,,,
1263,προεστάναι,προίστημι,,,,,v--rna---,,,,,,,,,,,,,,,,,,,,
1266,διειληχότος,διαλαγχάνω,,,,,v-srpamg-,,,,,,,,,,,,,,,,,,,,
1269,δημαρχεῖν,δημαρχέω,,,,,v--pna---,,,,,,,,,,,,,,,,,,,,
1277,ἀνακληροῦσθαι,ἀνακληρόω,,,,,v--pne---,,,,,,,,,,,,,,,,,,,,
1281,περιιέναι,περίειμι,,,,,v--pna---,,,,,,,,,,,,,,,,,,,,
1283,ἐλαττούμενος,ἐλασσόω,,,,,v-sppemn-,,,,,,,,,,,,,,,,,,,,
1310,ἀναθαρρήσας,ἀναθαρσέω,,,,,v-sapamn-,,,,,,,,,,,,,,,,,,,,
1313,συναγαγὼν,συνάγω,,,,,v-sapamn-,,,,,,,,,,,,,,,,,,,,
1316,δεήσειεν,,,δέω,,,v3saoa---,,,,,,,,,,,,,,,,,,,,
1320,νεών,ναός,,,,,n-s---ma-,,,,,,,,,,,,,,,,,,,,
1330,συνειδότων,σύνοιδα,,,,,v-prpamg-,,,,,,,,,,,,,,,,,,,,
1332,Γρακχείων,Γράκχειος,,,,,a-p---mg-,,,,,,,,,,,,,,,,,,,,
1347,ταράχῳ,τάραχος,,,,,n-s---md-,,,,,,,,,,,,,,,,,,,,
1353,ἐπικλεῖσαι,ἐπικλείω,,,,,v--ana---,,,,,,,,,,,,,,,,,,,,
1368,Πίστεως,,,Πίστις,,,n-s---fg-,,,,,,,,,,,,,,,,,,,,
1372,τοιοῖσδε,τοιόσδε,,,,,a-p---md-,,,,,,,,,,,,,,,,,,,,
1376,-δʼ,δέ,,,,,d--------,,,,,,,,,,,,,,,,,,,,
1377,νοῦν,νόος,,,,,n-s---ma-,,,,,,,,,,,,,,,,,,,,
1384,-θʼ,τε,,,,,c--------,,,,,,,,,,,,,,,,,,,,
1387,ἀνῄεσαν,ἄνειμι,,,,,v3piia---,,,,,,,,,,,,,,,,,,,,
1388,μέγιστος,μέγας,,,,,a-s---mns,,,,,,,,,,,,,,,,,,,,
1390,λεγόμενος,,,λέγω,,,v-sppemn-,,,,,,,,,,,,,,,,,,,,
1392,ὁδοῦ,,,ὁδός,,,n-s---fg-,,,,,,,,,,,,,,,,,,,,
1398,σῴζεσθαι,,,σῴζω,,,v--pne---,,,,,,,,,,,,,,,,,,,,
1404,παρασήμῳ,παράσημον,,,,,n-s---nd-,,,,,,,,,,,,,,,,,,,,
1406,πλέονάς,πολύς,,,,,a-p---mac,,,,,,,,,,,,,,,,,,,,
1416,ἱερὸν,ἱερόν,,ἱερός,,,n-s---na-,,,,,,,,,,,,,,,,,,,,
1417,Γρακχείοις,Γράκχειος,,,,,a-p---md-,,,,,,,,,,,,,,,,,,,,
1422,ἀρίστῳ,ἀγαθός,,,,,a-s---mds,,,,,,,,,,,,,,,,,,,,
1428,διελόντες,διαιρέω,,,,,v-papamn-,,,,,,,,,,,,,,,,,,,,
1429,ἔπαιον,,,παίω,,,v3piia---,,,,,,,,,,,,,,,,,,,,
1433,ἀν,ἀνά,,,,,r--------,,,,,,,,,,,,,,,,,,,,
1446,οὕτω,οὕτως,,,,,d--------,,,,,,,,,,,,,,,,,,,,
1449,Σκιπίωνος,Σκιπίων,,,,,n-s---mg-,n-s---mn-,,,,,,,,,,,,,,,,,,,
1454,ἀρίστου,ἀγαθός,,,,,a-s---ng-,a-s---mg-,,,,,,,,,,,,,,,,,,,
1456,βιαίως,βίαιος,,,,,d--------,,,,,,,,,,,,,,,,,,,,
1457,προσιών,πρόσειμι,,,,,v-sppamn-,,,,,,,,,,,,,,,,,,,,
1464,αἰεί,ἀεί,,,,,d--------,,,,,,,,,,,,,,,,,,,,
1470,ἡδονήν,,,ἡδονή,,,n-s---fa-,,,,,,,,,,,,,,,,,,,,
1473,ἀκεῖνον,ἐκεῖνος,,,,,p-s---ma-,,,,,,,,,,,,,,,,,,,,
1474,παρόντα,,,πάρειμι,,,v-pppana-,,,,,,,,,,,,,,,,,,,,
1478,ἐξειργάσθαι,ἐξεργάζομαι,,,,,v--rne---,,,,,,,,,,,,,,,,,,,,
1485,Ἀππίου,Ἄππιος,,,,,n-s---mg-,,,,,,,,,,,,,,,,,,,,
1488,νεωτέρῳ,νέος,,,,,a-s---mdc,,,,,,,,,,,,,,,,,,,,
1503,ἐπέπρατο,πιπράσκω,,,,,v3slie---,,,,,,,,,,,,,,,,,,,,
1505,ἐπιδιῄρητο,ἐπιδιαιρέω,,,,,v3slie---,,,,,,,,,,,,,,,,,,,,
1519,ἐνεργῶν,ἐνεργής,,ἐνεργός,,,a-p---fg-,,,,,,,,,,,,,,,,,,,,
1522,δορικτήτοις,δορίκτητος,,,,,a-p---fd-,,,,,,,,,,,,,,,,,,,,
1528,προλέγον,,,προλέγω,,,v-sppann-,,,,,,,,,,,,,,,,,,,,
1531,πλησίον,πλησίος,,,,,d--------,,,,,,,,,,,,,,,,,,,,
1537,ἐνεόχμωσε,νεοχμόω,,,,,v3saia---,,,,,,,,,,,,,,,,,,,,
1548,ἐπείξεις,ἔπειξις,,,,,n-p---fa-,,,,,,,,,,,,,,,,,,,,
1552,Καγχηδόνα,Καγχηδών,,,,,n-s---fa-,,,,,,,,,,,,,,,,,,,,
1557,κεχρημένος,,,,,,v-srpemn-,,,,χράω,,,,,,,,,,,,,,,,
1563,ἐπεξιὼν,ἐπέξειμι,,,,,v-sppamn-,,,,,,,,,,,,,,,,,,,,
1567,ὑπόπτων,ὕποπτος,,,,,a-p---mg-,,,,,,,,,,,,,,,,,,,,
1569,λέγεσθαι,,,λέγω,,,v--pne---,,,,,,,,,,,,,,,,,,,,
1573,Τουδιτανὸς,Τουδιτανὸς,,,,,n-s---mn-,,,,,,,,,,,,,,,,,,,,
1577,ἁψάμενος,ἅπτω,,,,,v-sapmmn-,,,,,,,,,,,,,,,,,,,,
1578,ἰδὼν,,,ὁράω,,,v-sapamn-,,,,,,,,,,,,,,,,,,,,
1588,ἐπιφθόνως,ἐπίφθονος,,,,,d--------,,,,,,,,,,,,,,,,,,,,
1592,ἑλόμενοι,αἱρέω,,,,,v-papmmn-,,,,,,,,,,,,,,,,,,,,
1593,παρανόμως,παράνομος,,,,,d--------,,,,,,,,,,,,,,,,,,,,
1611,λεχθησόμενα,,,λέγω,,,v-pfppna-,,,,,,,,,,,,,,,,,,,,
1625,-τʼ,τε,,,,,d--------,c--------,,,,,,,,,,,,,,,,,,,
1629,ἀπέθανε,,,ἀποθνῄσκω,,,v3saia---,,,,,,,,,,,,,,,,,,,,
1630,συνιδών,,,,,,v-sapamn-,,,,συνοράω,,,,,,,,,,,,,,,,
1632,κατασχεῖν,,,κατέχω,,,v--pna---,,,,,,,,,,,,,,,,,,,,
1636,ξένοι,,,ξένος,,,n-p---mn-,,,,,,,,,,,,,,,,,,,,
1645,τεθνήκει,θνῄσκω,,,,,v3slia---,,,,,,,,,,,,,,,,,,,,
1657,συνέπεσε,,,συμπίπτω,,,v3saia---,,,,,,,,,,,,,,,,,,,,
1666,μείζονι,μέγας,,,,,a-s---fdc,,,,,,,,,,,,,,,,,,,,
1668,διοισομένους,διαφέρω,,,,,v-pfpmma-,,,,,,,,,,,,,,,,,,,,
1671,προτιθέντες,,,προτίθημι,,,v-papamn-,,,,,,,,,,,,,,,,,,,,
1675,ὑπηκόους,,,ὑπήκοος,,,a-p---ma-,,,,,,,,,,,,,,,,,,,,
1684,ἐπιφαίνεται,ἐπιφαίνω,,,,,v3spie---,,,,,,,,,,,,,,,,,,,,
1686,νεώτερος,νέος,,,,,a-s---mnc,,,,,,,,,,,,,,,,,,,,
1688,ἡσυχάσας,,,ἡσυχάζω,,,v-sapamn-,,,,,,,,,,,,,,,,,,,,
1701,εἰωθὸς,ἔθω,,,,,v-srpana-,,,,,,,,,,,,,,,,,,,,
1726,τοιοῦδε,τοιόσδε,,,,,a-s---ng-,,,,,,,,,,,,,,,,,,,,
1732,ὑπόγυα,ὑπόγυιος,,,,,a-p---na-,,,,,,,,,,,,,,,,,,,,
1745,οἵ,ὁ,,ὅς,,,l-p---mn-,,,,,,ἕ,,,,,,,,,,,,,,
1747,παρόντες,,,πάρειμι,,,v-pppamn-,,,,,,,,,,,,,,,,,,,,
1749,ἐκεκράγεσαν,κράζω,,,,,v3plia---,,,,,,,,,,,,,,,,,,,,
1758,προϊόντος,πρόειμι,,,,,v-sppang-,,,,,,,,,,,,,,,,,,,,
1760,μειζόνως,μέγας,,,,,d-------c,,,,,,,,,,,,,,,,,,,,
1768,πέρι,περί,,,,,r--------,,,,,,,,,,,,,,,,,,,,
1773,ὑπερεπῇρε,ὑπερεπαίρω,,,,,v3siia---,,,,,,,,,,,,,,,,,,,,
1781,παρʼ,παρά,,,,,r--------,,,,,,,,,,,,,,,,,,,,
1782,θέλοιεν,,,θέλω,,,v3ppoa---,,,,,,,,,,,,,,,,,,,,
1786,περιῆν,περίειμι,,,,,v3siia---,,,,,,,,,,,,,,,,,,,,
1791,προϊόντες,πρόειμι,,,,,v-pppamn-,,,,,,,,,,,,,,,,,,,,
1797,γευσάμενοι,γεύω,,,,,v-papmmn-,,,,,,,,,,,,,,,,,,,,
1801,ἀμετρότερον,ἄμετρος,,,,,a-s---nac,,,,,,,,,,,,,,,,,,,,
1802,ἐνετοὺς,ἐνετός,,,,,a-p---ma-,,,,,,,,,,,,,,,,,,,,
1809,εὐθύνης,εὔθυνα,,,,,n-s---fg-,,,,,,,,,,,,,,,,,,,,
1815,ὁδοὺς,,,ὁδός,,,n-p---fa-,,,,,,,,,,,,,,,,,,,,
1818,ἐργολάβων,,,ἐργολάβος,,,n-p---mg-,,,,,,,,,,,,,,,,,,,,
1820,ὑφʼ,ὑπό,,,,,r--------,,,,,,,,,,,,,,,,,,,,
1828,εὐπρεπῶς,εὐπρεπής,,,,,d--------,,,,,,,,,,,,,,,,,,,,
1835,τούσδε,ὅδε,,,,,p-p---ma-,,,,,,,,,,,,,,,,,,,,
1859,φιλανθρωπεύσασθαι,φιλανθρωπεύομαι,,,,,v--ane---,,,,,,,,,,,,,,,,,,,,
1865,ἐκπεσὼν,,,ἐκπίπτω,,,v-sapamn-,,,,,,,,,,,,,,,,,,,,
1868,ἀκείνῳ,ἐκεῖνος,,,,,p-s---md-,,,,,,,,,,,,,,,,,,,,
1873,ἐψηφισμένης,,,ψηφίζω,,,v-srpefg-,,,,,,,,,,,,,,,,,,,,
1901,διέρριψαν,διαρρίπτω,,,,,v3paia---,,,,,,,,,,,,,,,,,,,,
1911,ἐξέπιπτον,,,ἐκπίπτω,,,v3piia---,,,,,,,,,,,,,,,,,,,,
1912,μεμηνόσιν,μαίνομαι,,,,,v-prpamd-,,,,,,,,,,,,,,,,,,,,
1913,ἐοικότες,ἔοικα,,,,,v-prpamn-,,,,,,,,,,,,,,,,,,,,
1914,ἐψεῦσθαι,ψεύδω,,,,,v--rne---,,,,,,,,,,,,,,,,,,,,
1915,ἔφασκον,φάσκω,,,,,v3piia---,,,,,,,,,,,,,,,,,,,,
1919,οὗ,,ὅς,,,,d--------,p-s---ng-,,,,,,,,,,,,,,,,,,,
1921,συνειλεγμένου,συλλέγω,,,,,v-srpemg-,,,,,,,,,,,,,,,,,,,,
1923,λέγειν,,,λέγω,,,v--pna---,,,,,,,,,,,,,,,,,,,,
1927,συνειδότος,σύνοιδα,,,,,v-srpang-,,,,,,,,,,,,,,,,,,,,
1930,σύνοδον,,,σύνοδος,,,n-s---fa-,,,,,,,,,,,,,,,,,,,,
1942,θύων,,,θύω,,,v-sppamn-,,,,,,,,,,,,,,,,,,,,
1945,πυθόμενος,,,πυνθάνομαι,,,v-spppmn-,,,,,,,,,,,,,,,,,,,,
1949,μᾶλλόν,,,,,,d-------c,,,,μάλα,,,,,,,,,,,,,,,,
1951,κατάφωρος,κατάφωρος,,,,,a-s---mn-,,,,,,,,,,,,,,,,,,,,
1955,παρόντων,,,πάρειμι,,,v-pppamg-,,,,,,,,,,,,,,,,,,,,
1959,προστάγματός,πρόσταγμα,,,,,n-s---ng-,,,,,,,,,,,,,,,,,,,,
1967,χαριεῖσθαί,χαρίζομαι,,,,,v--fne---,,,,,,,,,,,,,,,,,,,,
1976,ἱεροῦ,ἱερόν,,ἱερός,,,n-s---ng-,,,,,,,,,,,,,,,,,,,,
1979,ἐβούλετο,βούλομαι,,,,,v3siie---,,,,,,,,,,,,,,,,,,,,
1984,ἀπορούμενοι,,,ἀπορέω,,,v-pppemn-,,,,,,,,,,,,,,,,,,,,
1992,συνῄεσαν,σύνειμι,,,,,v3piia---,,,,,,,,,,,,,,,,,,,,
2004,ἕῳ,ἠώς,,,,,n-s---fd-,,,,,,,,,,,,,,,,,,,,
2005,συνιέναι,σύνειμι,,συνέρχομαι,,,v--pna---,,,,συνίημι,,,,,,,,,,,,,,,,
2007,νεῲ,ναός,,,,,n-s---md-,,,,,,,,,,,,,,,,,,,,
2008,Διοσκούρων,Διόσκοροι,,,,,n-p---mg-,,,,,,,,,,,,,,,,,,,,
2009,ἐφήδρευε,ἐφεδρεύω,,,,,v3siia---,,,,,,,,,,,,,,,,,,,,
2010,τοιάδε,τοιόσδε,,,,,a-p---nn-,p-p---na-,,,,,,,,,,,,,,,,,,,
2021,διαθέοντές,διαθέω,,,,,v-pppamn-,,,,,,,,,,,,,,,,,,,,
2032,Κόιντον,,,Κόιντος,,,n-s---ma-,,,,,,,,,,,,,,,,,,,,
2035,δεόμενοι,,,,,,v-pppemn-,,,,δέω,,,,,,,,,,,,,,,,
2048,πρεσβευτὴν,πρεσβευτής,,,,,n-s---ma-,,,,,,,,,,,,,,,,,,,,
2052,ξυλίνης,ξύλινος,,,,,a-s---fg-,,,,,,,,,,,,,,,,,,,,
2057,ὑπέσχε,ὑπέχω,,,,,v3saia---,,,,,,,,,,,,,,,,,,,,
2067,ὅλον,,,ὅλος,,,a-s---ma-,,,,,,,,,,,,,,,,,,,,
2089,Κοΐντῳ,Κόιντος,,,,,n-s---md-,,,,,,,,,,,,,,,,,,,,
2092,ἀποθανεῖν,,,ἀποθνῄσκω,,,v--ana---,,,,,,,,,,,,,,,,,,,,
2093,θέλοι,,,θέλω,,,v3spoa---,,,,,,,,,,,,,,,,,,,,
2096,Ὁμονοίας,ὁμόνοια,,,,,n-p---fa-,,,,,,,,,,,,,,,,,,,,
2101,ἔληγε,λήγω,,,,,v3siia---,,,,,,,,,,,,,,,,,,,,
2107,ἀπείρητο,ἀπολέγω,,,,,v3slie---,,,,,,,,,,,,,,,,,,,,
2109,ἐωνοῦντο,ὠνέομαι,,,,,v3piie---,,,,,,,,,,,,,,,,,,,,
2112,χεῖρον,,,κακός,,,a-s---nac,,,,,,,,,,,,,,,,,,,,
2121,ὅπερ,ὅσπερ,,,,,p-s---nn-,,,,,,,,,,,,,,,,,,,,
2127,τοῖσδε,ὅδε,,,,,a-p---nd-,,,,,,,,,,,,,,,,,,,,
2128,Γρακχείου,Γράκχειος,,,,,a-s---mg-,,,,,,,,,,,,,,,,,,,,
2135,ἐξεπεπτώκει,,,ἐκπίπτω,,,v3slia---,,,,,,,,,,,,,,,,,,,,
2150,που,πού,,,,,d--------,,,,,,,,,,,,,,,,,,,,
2162,Γλαυκίαν,,,Γλαυκίας,,,n-s---ma-,,,,,,,,,,,,,,,,,,,,
2169,αἰσχρῶς,αἰσχρός,,,,,d--------,,,,,,,,,,,,,,,,,,,,
2170,βιοῦντας,,,βιόω,,,v-pppama-,,,,,,,,,,,,,,,,,,,,
2171,μὴν,μήν,,,,,d--------,,,,,,,,,,,,,,,,,,,,
2183,προεστῶτα,προίστημι,,,,,v-srpama-,,,,,,,,,,,,,,,,,,,,
2191,Γλαυκίας,,,Γλαυκίας,,,n-p---ma-,n-s---mn-,,,,,,,,,,,,,,,,,,,
2194,ἀπιόντι,ἄπειμι,,,,,v-sppamd-,,,,,,,,,,,,,,,,,,,,
2198,κατεκέντησαν,,,κατακεντέω,,,v3piia---,,,,,,,,,,,,,,,,,,,,
2225,Κίμβροι,Κίμβροι,,,,,n-p---mn-,,,,,,,,,,,,,,,,,,,,
2226,Κελτῶν,Κελτός,,,,,n-p---mg-,,,,,,,,,,,,,,,,,,,,
2229,ἐξελάσας,,,ἐξελαύνω,,,v-papafa-,,,,,,,,,,,,,,,,,,,,
2230,Γαλατῶν,Γαλάται,,,,,n-p---mg-,,,,,,,,,,,,,,,,,,,,
2231,περιεσπάκει,περισπάω,,,,,v3slia---,,,,,,,,,,,,,,,,,,,,
2232,προσέκειτο,πρόσκειμαι,,,,,v3siie---,,,,,,,,,,,,,,,,,,,,
2240,ὀφλεῖν,,,ὀφλισκάνω,,,v--pna---,,,,,,,,,,,,,,,,,,,,
2242,εἴκοσιν,εἴκοσιν,,,,,m--------,,,,,,,,,,,,,,,,,,,,
2257,ὑπεστρατευμένοις,,,ὑποστρατεύω,,,v-prpemd-,,,,,,,,,,,,,,,,,,,,
2261,κυρίᾳ,κυρία,,κύριος,,,n-s---fd-,,,,,,,,,,,,,,,,,,,,
2275,ἀγροίκους,ἄγροικος,,,,,a-p---ma-,,,,,,,,,,,,,,,,,,,,
2280,βιασάμενοι,βιάω,,βιάζω,,,v-papmmn-,,,,,,,,,,,,,,,,,,,,
2282,σκοπεῖν,,,σκοπέω,,,v--pna---,,,,,,,,,,,,,,,,,,,,
2292,ἐνέδρας,ἐνέδρα,,,,,n-s---fg-,,,,,,,,,,,,,,,,,,,,
2293,ἔλεγεν,,,λέγω,,,v3siia---,,,,,,,,,,,,,,,,,,,,
2295,συναποφηναμένου,,,συναποφαίνω,,,v-sapmmg-,,,,,,,,,,,,,,,,,,,,
2309,τοιόνδε,τοιόσδε,,,,,a-s---na-,,,,,,,,,,,,,,,,,,,,
2312,διασκεδᾶν,,,διασκεδάννυμι,,,v--fna---,,,,,,,,,,,,,,,,,,,,
2313,ἐνηδρευμένους,ἐνεδρεύω,,,,,v-prpema-,,,,,,,,,,,,,,,,,,,,
2314,δυσχερῶς,δυσχερής,,,,,d--------,,,,,,,,,,,,,,,,,,,,
2323,ἐνέδρᾳ,ἐνέδρα,,,,,n-s---fd-,,,,,,,,,,,,,,,,,,,,
2327,ἐξανίστατο,ἐξανίστημι,,,,,v3siie---,,,,,,,,,,,,,,,,,,,,
2329,ταμίαις,,,ταμίας,,,n-p---md-,,,,,,,,,,,,,,,,,,,,
2342,ἀφόβως,ἄφοβος,,,,,d--------,,,,,,,,,,,,,,,,,,,,
2343,ἐπιούσης,ἔπειμι,,,,,v-sppafg-,,,,,,,,,,,,,,,,,,,,
2346,ἐξεῖλκεν,ἐξέλκω,,,,,v3siia---,,,,,,,,,,,,,,,,,,,,
2365,ἀγανακτήσεως,ἀγανάκτησις,,,,,n-s---fg-,,,,,,,,,,,,,,,,,,,,
2383,πρεσβύτερον,πρέσβυς,,,,,a-s---mac,,,,,,,,,,,,,,,,,,,,
2392,μετῄεσαν,μέτειμι,,,,,v3piia---,,,,,,,,,,,,,,,,,,,,
2394,ἐπιδοξοτέρου,ἐπίδοξος,,,,,a-s---mgc,,,,,,,,,,,,,,,,,,,,
2400,παίοντες,,,παίω,,,v-pppamn-,,,,,,,,,,,,,,,,,,,,
2406,ὑπούσης,ὕπειμι,,,,,v-sppafg-,,,,,,,,,,,,,,,,,,,,
2411,ἁλίσας,,,ἁλίζω,,,v-sapamn-,,,,,,,,,,,,,,,,,,,,
2412,Γλαυκίου,,,Γλαυκίας,,,n-s---mg-,,,,,,,,,,,,,,,,,,,,
2413,Σαυφηίου,,,Σαυφήιος,,,n-s---mg-,,,,,,,,,,,,,,,,,,,,
2414,ταμίου,,,ταμίας,,,n-s---mg-,,,,,,,,,,,,,,,,,,,,
2416,ψηφισαμένης,,,ψηφίζω,,,v-sapefg-,,,,,,,,,,,,,,,,,,,,
2429,ἐπικουρήσειν,,,ἐπικουρέω,,,v--fna---,,,,,,,,,,,,,,,,,,,,
2443,ἔως,ἔως,,,,,c--------,,,,,,,,,,,,,,,,,,,,
2445,ταμίαν,,,ταμίας,,,n-s---ma-,,,,,,,,,,,,,,,,,,,,
2447,περικειμένους,περίκειμαι,,,,,v-prpema-,,,,,,,,,,,,,,,,,,,,
2478,προσπίπτοντος,,,προσπίπτω,,,v-sppamg-,,,,,,,,,,,,,,,,,,,,
2479,ἐνεκλάσθη,,,ἐγκλάω,,,v3saip---,,,,,,,,,,,,,,,,,,,,
2481,Εὐσεβὴς,Εὐσεβὴς,,,,,n-s---mn-,,,,,,,,,,,,,,,,,,,,
2484,ἐπιόντος,ἔπειμι,,,,,v-sppang-,,,,,,,,,,,,,,,,,,,,
2500,ἀλλ᾽,,,ἀλλά,,,,,,,,,,,,,,,,,,,,,,,
2501,οὐδέ,,,οὐδέ,,,,,,,,,,,,,,,,,,,,,,,
2502,τοῦθ᾽,,,οὗτος,,,,,,,,,,,,,,,,,,,,,,,
2503,ὑπ᾽,,,ὑπό,,,,,,,,,,,,,,,,,,,,,,,
2504,ἐπ᾽,,,ἐπί,,,,,,,,,,,,,,,,,,,,,,,
2505,δι᾽,,,διά,,,,,,,,,,,,,,,,,,,,,,,
2506,δ᾽,,,δέ,,,,,,,,,,,,,,,,,,,,,,,
2507,κατ᾽,,,κατά,,,,,,,,,,,,,,,,,,,,,,,
2508,ἐφ᾽,,,ἐπί,,,,,,,,,,,,,,,,,,,,,,,
2509,οὔτε,,,οὔτε,,,,,,,,,,,,,,,,,,,,,,,
2510,οὐδὲ,,,οὐδέ,,,,,,,,,,,,,,,,,,,,,,,
2511,μηδὲ,,,μηδέ,,,,,,,,,,,,,,,,,,,,,,,
2512,ἀπ᾽,,,ἀπό,,,,,,,,,,,,,,,,,,,,,,,
2513,τοιαῦθ᾽,,,τοιοῦτος,,,,,,,,,,,,,,,,,,,,,,,
2514,μηδέ,,,μηδέ,,,,,,,,,,,,,,,,,,,,,,,
2515,ἀντ᾽,,,ἀντί,,,,,,,,,,,,,,,,,,,,,,,
2516,ταῦθ᾽,,,οὗτος,,,,,,,,,,,,,,,,,,,,,,,
2517,ταῦτ᾽,,,οὗτος,,,,,,,,,,,,,,,,,,,,,,,
2518,μηδʼ,,,μηδέ,,,,,,,,,,,,,,,,,,,,,,,
2519,μήτε,,,μήτε,,,,,,,,,,,,,,,,,,,,,,,
2520,μήθʼ,,,μήτε,,,,,,,,,,,,,,,,,,,,,,,
2521,εἴτε,,,εἴτε,,,,,,,,,,,,,,,,,,,,,,,
2522,.,,,.,,,,,,,,,,,,,,,,,,,,,,,
2523,ἐκεῖνον,,,ἐκεῖνος,,,,,,,,,,,,,,,,,,,,,,,
2524,·,,,,,,,,,,,,,,,,,,,,,,,,,,
2525,θ᾽,,,τε,,,,,,,,,,,,,,,,,,,,,,,
2526,παρ᾽,,,παρά,,,,,,,,,,,,,,,,,,,,,,,
2527,ὑφ᾽,,,ὑπό,,,,,,,,,,,,,,,,,,,,,,,
2528,μηδ᾽,,,μηδέ,,,,,,,,,,,,,,,,,,,,,,,
2529,κἀκείνῳ,,,καί,ἐκεῖνος,,,,,,,,,,,,,,,,,,,,,,
2530,μεθ᾽,,,μετά,,,,,,,,,,,,,,,,,,,,,,,
2531,τινός,,,τις,,,,,,,,,,,,,,,,,,,,,,,
2532,προστάγματος,,,πρόσταγμα,,,,,,,,,,,,,,,,,,,,,,,
2533,οὐδʼ,,,οὐδέ,,,,,,,,,,,,,,,,,,,,,,,
2534,διαθέοντες,,,διαθέω,,,,,,,,,,,,,,,,,,,,,,,
2535,(,,,,,,,,,,,,,,,,,,,,,,,,,,
2536,),,,,,,,,,,,,,,,,,,,,,,,,,,
2537,μετ᾽,,,μετά,,,,,,,,,,,,,,,,,,,,,,,
2538,οὐδ᾽,,,οὐδέ,,,,,,,,,,,,,,,,,,,,,,,
2539,..,,,,,,,,,,,,,,,,,,,,,,,,,,
